,Underlying,Ticker,Type,Expiration,YTE,DTE,Strike,Last,Bid,Ask,Midpoint,Spread,IV,NPV,Delta,Gamma,Theta,AKA
0,85.75,DELL,Call,2021-04-17,0.06575342465753424,24,40.0,32.0,32.75,33.95,33.35,1.2000000000000028,1.0000000000000003e-05,45.750273971660015,1.0000000057701663,-0.008215464874620052,-1.0958830219493907e-05,DELL210416C00040000
1,85.75,DELL,Call,2021-04-17,0.06575342465753424,24,45.0,37.79,39.2,43.0,41.1,3.799999999999997,1.396487392578125,41.100704523857296,0.9742411213665517,0.0019129935620318538,-0.036801608813637664,DELL210416C00045000
2,85.75,DELL,Call,2021-04-17,0.06575342465753424,24,50.0,29.69,33.7,38.0,35.85,4.299999999999997,0.9687503125,35.84946384169469,0.9879231886417349,0.0014457062367150327,-0.013201800632952362,DELL210416C00050000
3,85.75,DELL,Call,2021-04-17,0.06575342465753424,24,52.5,32.5,32.1,34.3,33.2,2.1999999999999957,1.4111357568359377,34.299648785267294,0.9348902353985536,0.004009645967384331,-0.07983119257262543,DELL210416C00052500
4,85.75,DELL,Call,2021-04-17,0.06575342465753424,24,55.0,26.8,29.45,32.6,31.025,3.150000000000002,0.965820654296875,31.024887559951406,0.9701844407461657,0.003124069782653798,-0.02875454193394528,DELL210416C00055000
5,85.75,DELL,Call,2021-04-17,0.06575342465753424,24,57.5,25.97,26.8,30.2,28.5,3.3999999999999986,0.867188828125,28.500219903818557,0.9695739798346145,0.003538268160375718,-0.026252344568379903,DELL210416C00057500
6,85.75,DELL,Call,2021-04-17,0.06575342465753424,24,60.0,29.27,24.85,26.4,25.625,1.5499999999999972,0.9682620361328125,26.400019816077414,0.937726953690419,0.005644434448946762,-0.05278820089445676,DELL210416C00060000
7,85.75,DELL,Call,2021-04-17,0.06575342465753424,24,62.5,26.0,22.3,24.1,23.200000000000003,1.8000000000000007,0.9423833886718749,24.09946833104049,0.9201005485252393,0.007023515935773043,-0.0624341804434023,DELL210416C00062500
8,85.75,DELL,Call,2021-04-17,0.06575342465753424,24,65.0,23.7,20.4,21.0,20.7,0.6000000000000014,0.637698935546875,21.000925351127208,0.9593862854732458,0.0060973259261631624,-0.024550369297387686,DELL210416C00065000
9,85.75,DELL,Call,2021-04-17,0.06575342465753424,24,67.5,21.28,17.6,18.55,18.075000000000003,0.9499999999999993,0.586918193359375,18.54960802325414,0.9489626672666933,0.007960368209284927,-0.027238626308940875,DELL210416C00067500
10,85.75,DELL,Call,2021-04-17,0.06575342465753424,24,70.0,15.3,15.65,15.95,15.8,0.29999999999999893,0.471684970703125,15.950514468990642,0.9559793872964665,0.008798268134260738,-0.019395993682325592,DELL210416C00070000
11,85.75,DELL,Call,2021-04-17,0.06575342465753424,24,72.5,13.5,12.85,13.5,13.175,0.6500000000000004,0.4243221630859375,13.500237044569824,0.9414564452174169,0.012272036538011014,-0.02198412840084106,DELL210416C00072500
12,85.75,DELL,Call,2021-04-17,0.06575342465753424,24,75.0,10.0,10.65,11.15,10.9,0.5,0.40039662109375,11.150762984557073,0.9083671272629041,0.018316107445239812,-0.029402457068581897,DELL210416C00075000
13,85.75,DELL,Call,2021-04-17,0.06575342465753424,24,77.5,12.24,8.3,8.65,8.475000000000001,0.34999999999999964,0.32569033691406246,8.650786534571417,0.8905609642041526,0.02563328595014961,-0.027289701180965516,DELL210416C00077500
14,85.75,DELL,Call,2021-04-17,0.06575342465753424,24,80.0,6.0,6.15,6.4,6.275,0.25,0.29614961669921874,6.400178322919487,0.8249511817738265,0.03879370395169337,-0.03435362239845599,DELL210416C00080000
15,85.75,DELL,Call,2021-04-17,0.06575342465753424,24,82.5,6.33,4.15,4.4,4.275,0.25,0.2775951147460937,4.399727159113752,0.715073325378836,0.05449094528401036,-0.0426156223920688,DELL210416C00082500
16,85.75,DELL,Call,2021-04-17,0.06575342465753424,24,85.0,2.65,2.33,2.89,2.6100000000000003,0.56,0.280158565673828,2.8899416372673783,0.5622104967401851,0.06267998292989645,-0.050060544024642314,DELL210416C00085000
17,85.75,DELL,Call,2021-04-17,0.06575342465753424,24,87.5,1.54,1.21,1.65,1.43,0.43999999999999995,0.26807372558593745,1.6490510835381074,0.4002202116964333,0.0642281625210159,-0.0469314104595004,DELL210416C00087500
18,85.75,DELL,Call,2021-04-17,0.06575342465753424,24,90.0,0.8,0.77,0.95,0.86,0.17999999999999994,0.27539787109374997,0.9494969702938442,0.26270745125022427,0.05276295369354814,-0.040535178501354796,DELL210416C00090000
19,85.75,DELL,Call,2021-04-17,0.06575342465753424,24,92.5,0.41,0.39,0.62,0.505,0.22999999999999998,0.2995675512695312,0.6196370040220047,0.1769134237102843,0.038608427751160634,-0.03492216057000496,DELL210416C00092500
20,85.75,DELL,Call,2021-04-17,0.06575342465753424,24,95.0,0.25,0.25,0.35,0.3,0.09999999999999998,0.30762411132812495,0.3505760890977022,0.10896033218870957,0.027052229704847608,-0.025623737463108295,DELL210416C00095000
21,85.75,DELL,Call,2021-04-17,0.06575342465753424,24,97.5,0.21,0.13,0.23,0.18,0.1,0.327155166015625,0.22941498512511438,0.07256599173888453,0.018800348537272055,-0.020012061571167333,DELL210416C00097500
22,85.75,DELL,Call,2021-04-17,0.06575342465753424,24,100.0,0.08,0.08,0.12,0.1,0.039999999999999994,0.33008482421874996,0.12013562497890123,0.041253296728960304,0.011928091615752473,-0.012805799702799875,DELL210416C00100000
23,85.75,DELL,Call,2021-04-17,0.06575342465753424,24,105.0,0.09,0.0,0.19,0.095,0.19,0.44824770507812495,0.19062478699577431,0.047691229206922446,0.009872520189705244,-0.01958246216734626,DELL210416C00105000
24,85.75,DELL,Call,2021-04-17,0.06575342465753424,24,110.0,0.1,0.0,0.15,0.075,0.15,0.50586431640625,0.14902363987189685,0.03477072703332184,0.0067696995198473775,-0.017006071382001258,DELL210416C00110000
25,85.75,DELL,Call,2021-04-17,0.06575342465753424,24,115.0,0.1,0.0,0.17,0.085,0.17,0.5293015820312501,0.0843319686406109,0.020210574900266735,0.004112459010042329,-0.011202555803072911,DELL210416C00115000
26,85.75,DELL,Call,2021-04-17,0.06575342465753424,24,120.0,0.08,0.0,3.9,1.95,3.9,1.138676181640625,1.9490486153361435,0.16387478164770372,0.009671192299775358,-0.12597018734648452,DELL210416C00120000
27,85.75,DELL,Call,2021-05-22,0.16164383561643836,59,75.0,13.3,11.1,11.45,11.274999999999999,0.34999999999999964,0.30445031494140623,11.449693374705404,0.8743161619745757,0.0195232447673133,-0.018231325719985755,DELL210521C00075000
28,85.75,DELL,Call,2021-05-22,0.16164383561643836,59,80.0,8.88,7.1,7.4,7.25,0.3000000000000007,0.28833719482421866,7.399359821991757,0.7429083979572468,0.032169801391993186,-0.027027839031627348,DELL210521C00080000
29,85.75,DELL,Call,2021-05-22,0.16164383561643836,59,82.5,9.31,5.4,5.7,5.550000000000001,0.2999999999999998,0.2836985693359374,5.69941169132387,0.6530539126704976,0.037433306700446575,-0.03047313511877307,DELL210521C00082500
30,85.75,DELL,Call,2021-05-22,0.16164383561643836,59,90.0,2.14,1.88,2.21,2.045,0.33000000000000007,0.280158565673828,2.2104814629722194,0.3560922586035484,0.038264071371804015,-0.030362146468618883,DELL210521C00090000
31,85.75,DELL,Call,2021-05-22,0.16164383561643836,59,92.5,2.11,1.25,1.61,1.4300000000000002,0.3600000000000001,0.2873606420898437,1.6100874166907653,0.276937663757364,0.03351421958044336,-0.0279487575256931,DELL210521C00092500
32,85.75,DELL,Call,2021-05-22,0.16164383561643836,59,95.0,0.75,0.78,1.1,0.9400000000000001,0.32000000000000006,0.28784891845703114,1.1008287304931246,0.20631615051680174,0.02849934761742196,-0.02381226347441114,DELL210521C00095000
33,85.75,DELL,Call,2021-05-22,0.16164383561643836,59,97.5,0.72,0.41,0.66,0.535,0.25000000000000006,0.2788158056640625,0.6597371278673594,0.14022275129551554,0.02298640896368622,-0.017980070066607668,DELL210521C00097500
34,85.75,DELL,Call,2021-05-22,0.16164383561643836,59,100.0,0.4,0.28,0.57,0.425,0.2899999999999999,0.30249720947265624,0.5697727993444685,0.1166248393540032,0.01864134331378886,-0.017143019714503476,DELL210521C00100000
35,85.75,DELL,Call,2021-05-22,0.16164383561643836,59,115.0,0.22,0.01,0.21,0.11,0.19999999999999998,0.39551385742187506,0.2101177695220051,0.04006132453441666,0.006274683803343589,-0.00979145297733024,DELL210521C00115000
36,85.75,DELL,Call,2021-07-17,0.3150684931506849,115,30.0,43.0,46.55,47.95,47.25,1.4000000000000057,1.0000000000000003e-05,55.75095340951067,0.9999999995367432,-0.00010611191213595981,-8.218917960129139e-06,DELL210716C00030000
37,85.75,DELL,Call,2021-07-17,0.3150684931506849,115,40.0,39.95,43.1,48.0,45.55,4.899999999999999,1.164310819091797,48.00089231864023,0.9319043063112064,0.002335883743220931,-0.031888270796105074,DELL210716C00040000
38,85.75,DELL,Call,2021-07-17,0.3150684931506849,115,42.5,26.95,25.8,27.65,26.725,1.8499999999999979,1.0000000000000003e-05,43.25135066347134,1.0000000007745138,-0.0007571775153641104,-1.1643467126929745e-05,DELL210716C00042500
39,85.75,DELL,Call,2021-07-17,0.3150684931506849,115,45.0,28.97,28.95,32.2,30.575000000000003,3.2500000000000036,1.0000000000000003e-05,40.751430114263435,0.9999999980721759,-6.133048198187486e-05,-1.2328376940193706e-05,DELL210716C00045000
40,85.75,DELL,Call,2021-07-17,0.3150684931506849,115,47.5,24.92,25.25,27.3,26.275,2.0500000000000007,1.0000000000000003e-05,38.25150956505558,0.9999999981376589,-5.5014674964469636e-05,-1.3013286789343666e-05,DELL210716C00047500
41,85.75,DELL,Call,2021-07-17,0.3150684931506849,115,50.0,34.75,34.95,36.5,35.725,1.5499999999999972,0.6518589501953126,36.50112477466268,0.9507117568249417,0.003236366171529367,-0.013831016584949415,DELL210716C00050000
42,85.75,DELL,Call,2021-07-17,0.3150684931506849,115,52.5,22.14,25.0,25.5,25.25,0.5,1.0000000000000003e-05,33.25166846663986,0.999999998786537,-0.0004877252106745268,-1.438310645175759e-05,DELL210716C00052500
43,85.75,DELL,Call,2021-07-17,0.3150684931506849,115,55.0,31.0,30.25,31.5,30.875,1.25,0.5551802294921876,31.501110289790198,0.9424437928746883,0.004296726089006777,-0.01332505859182483,DELL210716C00055000
44,85.75,DELL,Call,2021-07-17,0.3150684931506849,115,57.5,18.62,25.4,28.2,26.799999999999997,2.8000000000000007,1.0000000000000003e-05,28.251827368224106,0.9999999986685606,0.00010738269909144344,-1.5752926110582913e-05,DELL210716C00057500
45,85.75,DELL,Call,2021-07-17,0.3150684931506849,115,60.0,29.07,25.35,26.35,25.85,1.0,0.44067942138671873,26.350068558830895,0.9408329448350601,0.005531656550960059,-0.010810918233549285,DELL210716C00060000
46,85.75,DELL,Call,2021-07-17,0.3150684931506849,115,62.5,25.92,22.85,23.9,23.375,1.0499999999999972,0.40772076660156253,23.899327400171753,0.9320330205842625,0.00665999924055998,-0.011146022321270122,DELL210716C00062500
47,85.75,DELL,Call,2021-07-17,0.3150684931506849,115,65.0,22.9,20.45,22.05,21.25,1.6000000000000014,0.44836977416992185,22.050100533158272,0.8892630227004801,0.008717557071313166,-0.017660447118769993,DELL210716C00065000
48,85.75,DELL,Call,2021-07-17,0.3150684931506849,115,67.5,22.36,18.15,19.2,18.674999999999997,1.0500000000000007,0.3654848608398438,19.199846697126475,0.8970070659766134,0.010149468007643806,-0.013661896818063748,DELL210716C00067500
49,85.75,DELL,Call,2021-07-17,0.3150684931506849,115,70.0,19.1,16.65,17.25,16.95,0.6000000000000014,0.37793590820312495,17.25081721866554,0.8552496866933815,0.012461449505085521,-0.017947937772142746,DELL210716C00070000
50,85.75,DELL,Call,2021-07-17,0.3150684931506849,115,72.5,18.4,14.4,15.0,14.7,0.5999999999999996,0.3536441589355468,15.000591408480794,0.8268493687279445,0.01497752210770486,-0.01889502357428868,DELL210716C00072500
51,85.75,DELL,Call,2021-07-17,0.3150684931506849,115,75.0,14.27,12.55,12.85,12.7,0.29999999999999893,0.33313655151367194,12.850649072462522,0.790260355036908,0.017883472280381743,-0.02002768040877457,DELL210716C00075000
52,85.75,DELL,Call,2021-07-17,0.3150684931506849,115,77.5,11.1,10.5,11.05,10.775,0.5500000000000007,0.3303289624023437,11.05065059747526,0.7377789778334636,0.020402254398968922,-0.022472701928087126,DELL210716C00077500
53,85.75,DELL,Call,2021-07-17,0.3150684931506849,115,80.0,9.51,9.0,9.3,9.15,0.3000000000000007,0.3219061950683593,9.299908706871616,0.6820374385860765,0.022919508865716077,-0.02398025343378371,DELL210716C00080000
54,85.75,DELL,Call,2021-07-17,0.3150684931506849,115,82.5,9.7,7.45,7.8,7.625,0.34999999999999964,0.3194648132324218,7.8005388719658715,0.6197315008069882,0.024660661145898027,-0.025415711609209055,DELL210716C00082500
55,85.75,DELL,Call,2021-07-17,0.3150684931506849,115,85.0,6.2,6.1,6.4,6.25,0.3000000000000007,0.31372756591796874,6.39977720183918,0.5549948439606376,0.02605505179812566,-0.025897968858809208,DELL210716C00085000
56,85.75,DELL,Call,2021-07-17,0.3150684931506849,115,87.5,4.9,4.95,5.2,5.075,0.25,0.3100654931640625,5.19938526196894,0.4888356856145147,0.02660558680669237,-0.025829608444105645,DELL210716C00087500
57,85.75,DELL,Call,2021-07-17,0.3150684931506849,115,90.0,3.85,3.95,4.2,4.075,0.25,0.3086006640625,4.200622766811234,0.4243106160408932,0.026259584323817253,-0.025248859299804426,DELL210716C00090000
58,85.75,DELL,Call,2021-07-17,0.3150684931506849,115,92.5,3.1,3.15,3.5,3.325,0.3500000000000001,0.315314464111328,3.5009826399516073,0.3679803294868806,0.024726434827960636,-0.024813846087733057,DELL210716C00092500
59,85.75,DELL,Call,2021-07-17,0.3150684931506849,115,95.0,2.34,2.45,2.71,2.58,0.2599999999999998,0.3096992858886719,2.7109259022576038,0.308796954128915,0.023524966682840234,-0.022766286932288132,DELL210716C00095000
60,85.75,DELL,Call,2021-07-17,0.3150684931506849,115,97.5,2.7,1.9,2.15,2.025,0.25,0.31018756225585936,2.150412384590846,0.25889756025738786,0.021584545603652285,-0.020945064401204843,DELL210716C00097500
61,85.75,DELL,Call,2021-07-17,0.3150684931506849,115,100.0,2.26,1.46,1.66,1.56,0.19999999999999996,0.3083565258789062,1.6602050350590567,0.21264771292340365,0.019476760030910787,-0.018667130351809974,DELL210716C00100000
62,85.75,DELL,Call,2021-07-17,0.3150684931506849,115,105.0,1.34,0.84,1.09,0.9650000000000001,0.2500000000000001,0.317389638671875,1.0909250416065484,0.1486499085810878,0.015105098960956418,-0.015320865939661426,DELL210716C00105000
63,85.75,DELL,Call,2021-07-17,0.3150684931506849,115,110.0,0.71,0.46,0.71,0.585,0.24999999999999994,0.32483585327148434,0.7099835252572549,0.10235669702158062,0.011367527720240946,-0.012062258216188388,DELL210716C00110000
64,85.75,DELL,Call,2021-07-17,0.3150684931506849,115,115.0,0.38,0.33,0.43,0.38,0.09999999999999998,0.3266668896484375,0.4301847482562964,0.0666157054230401,0.00818353699401212,-0.008768742752638987,DELL210716C00115000
65,85.75,DELL,Call,2021-07-17,0.3150684931506849,115,120.0,0.2,0.09,0.4,0.245,0.31000000000000005,0.3569400244140625,0.4000286235879103,0.05828927795982978,0.006748914655317048,-0.008629130031614217,DELL210716C00120000
66,85.75,DELL,Call,2021-07-17,0.3150684931506849,115,125.0,0.52,0.05,0.33,0.19,0.28,0.375982802734375,0.32968707689357046,0.04726733321856757,0.005425172520247579,-0.007690248530051629,DELL210716C00125000
67,85.75,DELL,Call,2021-10-16,0.5643835616438356,206,60.0,29.5,25.85,27.25,26.55,1.3999999999999986,0.42358974853515624,27.25117897865152,0.8995781965554687,0.006436130286343857,-0.01164264407591699,DELL211015C00060000
68,85.75,DELL,Call,2021-10-16,0.5643835616438356,206,70.0,21.69,17.95,18.45,18.2,0.5,0.3570620935058594,18.449260069314775,0.8131077050378483,0.011650278883745268,-0.014983323263096376,DELL211015C00070000
69,85.75,DELL,Call,2021-10-16,0.5643835616438356,206,72.5,19.07,16.05,16.55,16.3,0.5,0.3506534661865234,16.550051997251938,0.778726622190101,0.013119767879118699,-0.01627470868077889,DELL211015C00072500
70,85.75,DELL,Call,2021-10-16,0.5643835616438356,206,75.0,17.05,14.1,14.6,14.35,0.5,0.33740896972656254,14.599200260166802,0.7435882510968179,0.014780404038035475,-0.01697745007917074,DELL211015C00075000
71,85.75,DELL,Call,2021-10-16,0.5643835616438356,206,77.5,15.5,12.55,13.0,12.775,0.4499999999999993,0.3364324169921875,12.99918417769772,0.7006210911985801,0.015989157462476377,-0.01826071834641952,DELL211015C00077500
72,85.75,DELL,Call,2021-10-16,0.5643835616438356,206,80.0,13.45,11.05,11.55,11.3,0.5,0.3367986242675781,11.55035005330746,0.6556847549651919,0.016927989520997725,-0.0193755955297803,DELL211015C00080000
73,85.75,DELL,Call,2021-10-16,0.5643835616438356,206,82.5,12.0,9.6,10.35,9.975,0.75,0.34229173339843744,10.350814895982772,0.60988146020997,0.017359695250385884,-0.020522961916770176,DELL211015C00082500
74,85.75,DELL,Call,2021-10-16,0.5643835616438356,206,85.0,9.75,8.25,8.7,8.475,0.4499999999999993,0.32507999145507804,8.699998096846539,0.5629811847907441,0.01876699441254374,-0.020011603100067332,DELL211015C00085000
75,85.75,DELL,Call,2021-10-16,0.5643835616438356,206,87.5,7.7,7.2,7.5,7.35,0.2999999999999998,0.32141791870117187,7.500576101043445,0.5150787595722974,0.019207040414861338,-0.020021077105928185,DELL211015C00087500
76,85.75,DELL,Call,2021-10-16,0.5643835616438356,206,90.0,7.95,6.2,6.5,6.35,0.2999999999999998,0.3210517114257812,6.500119486692131,0.4685384562759718,0.019182811268790175,-0.019948691992743964,DELL211015C00090000
77,85.75,DELL,Call,2021-10-16,0.5643835616438356,206,92.5,7.49,5.15,5.85,5.5,0.6999999999999993,0.33020689331054687,5.849667283113471,0.428521803852489,0.01840806393303134,-0.020248158631149107,DELL211015C00092500
78,85.75,DELL,Call,2021-10-16,0.5643835616438356,206,95.0,6.8,4.5,4.8,4.65,0.2999999999999998,0.31958688232421867,4.800990430839193,0.3801588333748594,0.018451994422142508,-0.019009535033073087,DELL211015C00095000
79,85.75,DELL,Call,2021-10-16,0.5643835616438356,206,100.0,4.29,3.1,3.45,3.2750000000000004,0.3500000000000001,0.3166572241210937,3.4491523496638083,0.29972196766056475,0.01699629613958855,-0.01718463973095614,DELL211015C00100000
80,85.75,DELL,Call,2021-10-16,0.5643835616438356,206,105.0,4.15,2.13,2.46,2.295,0.33000000000000007,0.31555860229492183,2.4603501808408037,0.23172711741722785,0.014963579064941059,-0.015018405705714229,DELL211015C00105000
81,85.75,DELL,Call,2021-10-16,0.5643835616438356,206,110.0,1.75,1.42,1.97,1.6949999999999998,0.55,0.3286199951171874,1.9696444134027475,0.1887887977532434,0.012737410540031304,-0.013859027447293053,DELL211015C00110000
82,85.75,DELL,Call,2021-10-16,0.5643835616438356,206,115.0,1.49,0.92,1.31,1.115,0.39,0.3215399877929687,1.3100579758325468,0.13768808247212155,0.010598672510922886,-0.01103408221646484,DELL211015C00115000
83,85.75,DELL,Call,2021-10-16,0.5643835616438356,206,120.0,1.32,0.58,1.19,0.885,0.61,0.3435124243164062,1.1907267710033271,0.12110158878053008,0.009076142846385986,-0.010781428152289715,DELL211015C00120000
84,85.75,DELL,Call,2021-10-16,0.5643835616438356,206,125.0,1.06,0.47,0.8,0.635,0.33000000000000007,0.33765310791015624,0.7991912668257719,0.08774307400814138,0.007308199367727487,-0.008382413569573357,DELL211015C00125000
85,85.75,DELL,Call,2021-10-16,0.5643835616438356,206,130.0,0.55,0.32,0.62,0.47,0.3,0.3437565625,0.6208095936490462,0.06974670168572604,0.0060316512546816385,-0.007167258710544748,DELL211015C00130000
86,85.75,DELL,Call,2021-12-18,0.736986301369863,269,30.0,31.25,36.35,40.15,38.25,3.799999999999997,1.0000000000000003e-05,55.75221909599668,0.9999999999922471,-0.0007864403542421204,-8.218571208096888e-06,DELL211217C00030000
87,85.75,DELL,Call,2021-12-18,0.736986301369863,269,40.0,45.0,44.2,47.75,45.975,3.549999999999997,0.7365748999023438,47.75018694124473,0.9358319915744023,0.0023113516455074835,-0.012636262983613103,DELL211217C00040000
88,85.75,DELL,Call,2021-12-18,0.736986301369863,269,45.0,30.4,33.5,38.0,35.75,4.5,1.0000000000000003e-05,40.75332864400146,0.9999999998632597,-0.0008089792318035403,-1.232785680855673e-05,DELL211217C00045000
89,85.75,DELL,Call,2021-12-18,0.736986301369863,269,50.0,39.05,35.25,37.0,36.125,1.75,0.485356708984375,36.9999544347983,0.9333442166287717,0.0036124632211016017,-0.008578683859789835,DELL211217C00050000
90,85.75,DELL,Call,2021-12-18,0.736986301369863,269,52.5,23.5,26.55,31.45,29.0,4.899999999999999,1.0000000000000003e-05,33.25388341800391,0.9999999997749283,-0.0007495718276940407,-1.4382499598020855e-05,DELL211217C00052500
91,85.75,DELL,Call,2021-12-18,0.736986301369863,269,55.0,25.0,26.3,28.7,27.5,2.3999999999999986,1.0000000000000003e-05,30.75406834267135,0.9999999995110063,-0.0007340095677142463,-1.506738052664603e-05,DELL211217C00055000
92,85.75,DELL,Call,2021-12-18,0.736986301369863,269,57.5,23.25,29.5,30.5,30.0,1.0,0.4603325451660156,30.500431207092312,0.8864036635677222,0.005667966838109307,-0.012110756197362385,DELL211217C00057500
93,85.75,DELL,Call,2021-12-18,0.736986301369863,269,60.0,30.65,27.0,28.55,27.775,1.5500000000000007,0.4596001306152344,28.549986220215374,0.8646041984688237,0.0064187000068361404,-0.013672203589566457,DELL211217C00060000
94,85.75,DELL,Call,2021-12-18,0.736986301369863,269,62.5,21.11,26.4,27.8,27.1,1.4000000000000021,0.5195360546875,27.80119810501876,0.8241802960661646,0.0067478512363637125,-0.018366995979479436,DELL211217C00062500
95,85.75,DELL,Call,2021-12-18,0.736986301369863,269,65.0,21.5,22.75,23.6,23.175,0.8500000000000014,0.38977661010742193,23.600766127872472,0.8399617266812767,0.008465767931434161,-0.012972533316303898,DELL211217C00065000
96,85.75,DELL,Call,2021-12-18,0.736986301369863,269,67.5,17.9,21.3,22.1,21.700000000000003,0.8000000000000007,0.4054014538574219,22.099365884281934,0.805357582749472,0.009211445093630817,-0.015269762926935342,DELL211217C00067500
97,85.75,DELL,Call,2021-12-18,0.736986301369863,269,70.0,15.5,21.05,21.8,21.425,0.75,0.46716841430664063,21.799441443046007,0.7599647568834738,0.009023793867457873,-0.01986339923933709,DELL211217C00070000
98,85.75,DELL,Call,2021-12-18,0.736986301369863,269,72.5,16.1,17.15,17.75,17.45,0.6000000000000014,0.36023588989257804,17.75015679881129,0.7570747179222324,0.01177867719880194,-0.015419499232240414,DELL211217C00072500
99,85.75,DELL,Call,2021-12-18,0.736986301369863,269,75.0,18.55,15.4,16.05,15.725000000000001,0.6500000000000004,0.3551700225830078,16.049944458042514,0.7229046353583265,0.012786218235057214,-0.01627147228471372,DELL211217C00075000
100,85.75,DELL,Call,2021-12-18,0.736986301369863,269,77.5,12.8,13.85,14.35,14.1,0.5,0.3467472552490234,14.35060240196162,0.6874291094131645,0.013845251735403453,-0.016793825240322226,DELL211217C00077500
101,85.75,DELL,Call,2021-12-18,0.736986301369863,269,80.0,14.8,12.35,13.0,12.675,0.6500000000000004,0.34802898071289057,12.999780798311866,0.6486987398582285,0.014450286312442783,-0.01765735152985168,DELL211217C00080000
102,85.75,DELL,Call,2021-12-18,0.736986301369863,269,82.5,14.06,10.9,11.65,11.275,0.75,0.3455875988769531,11.650072274904025,0.6098277956260681,0.015055695650371454,-0.0181396687034691,DELL211217C00082500
103,85.75,DELL,Call,2021-12-18,0.736986301369863,269,85.0,12.15,9.7,10.4,10.05,0.7000000000000011,0.343207251586914,10.399790841275504,0.5704873088918561,0.015514550221233018,-0.018435372375608834,DELL211217C00085000
104,85.75,DELL,Call,2021-12-18,0.736986301369863,269,87.5,10.85,8.35,9.05,8.7,0.7000000000000011,0.3341741387939453,9.050501898434886,0.5293690948287371,0.016143322867493905,-0.01818552973888191,DELL211217C00087500
105,85.75,DELL,Call,2021-12-18,0.736986301369863,269,90.0,8.35,7.4,7.95,7.675000000000001,0.5499999999999998,0.33045103149414057,7.950249748014114,0.4889003156795743,0.016363252405202623,-0.018023829821292386,DELL211217C00090000
106,85.75,DELL,Call,2021-12-18,0.736986301369863,269,92.5,7.0,6.55,7.55,7.05,1.0,0.3474796697998046,7.549836836837734,0.458642331767162,0.01548362833464293,-0.01885636525992711,DELL211217C00092500
107,85.75,DELL,Call,2021-12-18,0.736986301369863,269,95.0,8.49,5.8,6.2,6.0,0.40000000000000036,0.3290472369384765,6.200769535278177,0.41285618794043716,0.016045615224662572,-0.017521409819991438,DELL211217C00095000
108,85.75,DELL,Call,2021-12-18,0.736986301369863,269,100.0,5.0,4.4,4.7,4.550000000000001,0.2999999999999998,0.324652749633789,4.700183492404882,0.34064988396875345,0.015314378009178824,-0.01627589502594869,DELL211217C00100000
109,85.75,DELL,Call,2021-12-18,0.736986301369863,269,105.0,4.0,2.91,3.6,3.255,0.69,0.32434757690429683,3.5998125915223835,0.27885742066788444,0.014044460092440305,-0.014894517072033316,DELL211217C00105000
110,85.75,DELL,Call,2021-12-18,0.736986301369863,269,110.0,2.75,2.38,2.92,2.65,0.54,0.33228206787109377,2.9196815995203527,0.23322189726648146,0.012487193571954247,-0.013895358854421842,DELL211217C00110000
111,85.75,DELL,Call,2021-12-18,0.736986301369863,269,115.0,2.05,1.7,2.01,1.855,0.30999999999999983,0.32092964233398436,2.0099596294869726,0.17747742050260062,0.010988251731874317,-0.011402024040712942,DELL211217C00115000
112,85.75,DELL,Call,2021-12-18,0.736986301369863,269,120.0,1.68,1.19,1.52,1.355,0.33000000000000007,0.3217841259765625,1.5204333749312946,0.14105052822502248,0.009426541769574944,-0.009830327270189745,DELL211217C00120000
113,85.75,DELL,Call,2021-12-18,0.736986301369863,269,125.0,1.6,0.87,1.25,1.06,0.38,0.3298406860351562,1.2500533608839557,0.11773351745897359,0.00811334897549993,-0.00888724935697745,DELL211217C00125000
114,85.75,DELL,Call,2021-12-18,0.736986301369863,269,130.0,1.16,0.66,0.85,0.755,0.18999999999999995,0.32227240234374993,0.8498909226991559,0.0865450129660697,0.006635875626665077,-0.006935946929716402,DELL211217C00130000
115,85.75,DELL,Call,2022-01-22,0.8328767123287671,304,15.0,28.0,0.0,0.0,0.0,0.0,1.0000000000000003e-05,70.75125337228582,0.999999997328415,-0.00010612811973216324,-4.1092461617494095e-06,DELL220121C00015000
116,85.75,DELL,Call,2022-01-22,0.8328767123287671,304,17.5,44.95,42.0,44.5,43.25,2.5,1.0000000000000003e-05,68.25146226766755,0.9999999997442618,-4.260745587812844e-05,-4.794120519648578e-06,DELL220121C00017500
117,85.75,DELL,Call,2022-01-22,0.8328767123287671,304,20.0,58.84,66.5,71.5,69.0,5.0,1.445803552246094,69.0025269476345,0.9610241332019518,0.0007450921660833151,-0.015695348511454457,DELL220121C00020000
118,85.75,DELL,Call,2022-01-22,0.8328767123287671,304,22.5,38.25,40.5,45.5,43.0,5.0,1.0000000000000003e-05,63.25188005843108,0.999999999623289,-0.00010576532638958135,-6.1638692641557125e-06,DELL220121C00022500
119,85.75,DELL,Call,2022-01-22,0.8328767123287671,304,25.0,52.0,54.45,57.65,56.05,3.1999999999999957,1.0000000000000003e-05,60.7520889538129,0.9999999990356474,-0.00015390136626807237,-6.848743629232081e-06,DELL220121C00025000
120,85.75,DELL,Call,2022-01-22,0.8328767123287671,304,27.5,34.0,39.6,44.5,42.05,4.899999999999999,1.0000000000000003e-05,58.252297849194676,0.9999999990196491,-9.663516941015902e-05,-7.533618001485648e-06,DELL220121C00027500
121,85.75,DELL,Call,2022-01-22,0.8328767123287671,304,30.0,38.0,0.0,0.0,0.0,0.0,1.0000000000000003e-05,55.7525067445764,0.9999999992320828,-1.8972872800292655e-05,-8.218492352207617e-06,DELL220121C00030000
122,85.75,DELL,Call,2022-01-22,0.8328767123287671,304,32.5,36.92,38.55,43.5,41.025,4.950000000000003,1.0000000000000003e-05,53.25271563995821,0.9999999996593714,-8.170702026810102e-05,-8.903366731638383e-06,DELL220121C00032500
123,85.75,DELL,Call,2022-01-22,0.8328767123287671,304,35.0,49.2,48.5,53.5,51.0,5.0,0.5053760400390624,51.00039698345723,0.985043113646803,0.0009544821680773445,-0.0024594047233903772,DELL220121C00035000
124,85.75,DELL,Call,2022-01-22,0.8328767123287671,304,37.5,32.85,34.25,37.55,35.9,3.299999999999997,1.0000000000000003e-05,48.25313343072182,0.9999999991160222,-5.2342905356567556e-05,-1.0273115483322718e-05,DELL220121C00037500
125,85.75,DELL,Call,2022-01-22,0.8328767123287671,304,40.0,49.0,43.55,48.45,46.0,4.900000000000006,0.760012165527344,48.450134788054754,0.9258013870275594,0.002357222567225834,-0.013722383114317338,DELL220121C00040000
126,85.75,DELL,Call,2022-01-22,0.8328767123287671,304,42.5,12.34,0.0,0.0,0.0,0.0,1.0000000000000003e-05,43.25355122148538,0.9999999992797037,-0.00012451697821009084,-1.1642864199121054e-05,DELL220121C00042500
127,85.75,DELL,Call,2022-01-22,0.8328767123287671,304,45.0,44.63,38.65,43.4,41.025,4.75,0.659305164794922,43.40038657131245,0.9148758011658643,0.0030147729064558485,-0.013209072951403502,DELL220121C00045000
128,85.75,DELL,Call,2022-01-22,0.8328767123287671,304,47.5,41.12,36.55,41.45,39.0,4.900000000000006,0.6566196447753907,41.45063535693977,0.9005102814461738,0.0033974690409717075,-0.0147659627706524,DELL220121C00047500
129,85.75,DELL,Call,2022-01-22,0.8328767123287671,304,50.0,36.0,34.85,36.7,35.775000000000006,1.8500000000000014,0.42529871582031253,36.70084368166715,0.9431944120250807,0.0034235906561489657,-0.006245196694534182,DELL220121C00050000
130,85.75,DELL,Call,2022-01-22,0.8328767123287671,304,52.5,24.18,27.5,30.95,29.225,3.4499999999999993,1.0000000000000003e-05,33.2543868030124,0.9999999981918731,-0.00010183305421088142,-1.4382361666603725e-05,DELL220121C00052500
131,85.75,DELL,Call,2022-01-22,0.8328767123287671,304,55.0,33.35,30.8,32.7,31.75,1.9000000000000021,0.4467828759765625,32.70051110055576,0.9017965077000116,0.004945651158400817,-0.00995511703875118,DELL220121C00055000
132,85.75,DELL,Call,2022-01-22,0.8328767123287671,304,57.5,30.57,28.7,29.9,29.299999999999997,1.1999999999999993,0.39111937011718745,29.899748142266503,0.9026611209288892,0.005612960870659744,-0.008660286925359743,DELL220121C00057500
133,85.75,DELL,Call,2022-01-22,0.8328767123287671,304,60.0,30.2,25.45,28.35,26.9,2.900000000000002,0.4205380212402344,28.349896519794044,0.8689360933791666,0.006454118256875379,-0.01151149043751346,DELL220121C00060000
134,85.75,DELL,Call,2022-01-22,0.8328767123287671,304,62.5,24.0,25.0,26.75,25.875,1.75,0.43543045043945316,26.749440692558696,0.8398496232044386,0.007133400611364834,-0.013640128275955912,DELL220121C00062500
135,85.75,DELL,Call,2022-01-22,0.8328767123287671,304,65.0,22.3,22.8,23.6,23.200000000000003,0.8000000000000007,0.3667055517578125,23.600743226080215,0.8399798595188833,0.008465730464207712,-0.01148333957400114,DELL220121C00065000
136,85.75,DELL,Call,2022-01-22,0.8328767123287671,304,67.5,24.88,20.85,21.6,21.225,0.75,0.3579165771484375,21.599487287794837,0.8146876603631468,0.009524677633263656,-0.01230829758033539,DELL220121C00067500
137,85.75,DELL,Call,2022-01-22,0.8328767123287671,304,70.0,19.8,18.95,19.75,19.35,0.8000000000000007,0.35309484802246094,19.74989417639009,0.7853571662088641,0.010547063720010049,-0.013265037443394528,DELL220121C00070000
138,85.75,DELL,Call,2022-01-22,0.8328767123287671,304,72.5,17.65,17.4,18.05,17.725,0.6500000000000021,0.35108070800781244,18.049872039367763,0.7529356387901949,0.011475072011744891,-0.014268158426636342,DELL220121C00072500
139,85.75,DELL,Call,2022-01-22,0.8328767123287671,304,75.0,17.21,15.75,16.4,16.075,0.6499999999999986,0.3474186352539062,16.399300118307448,0.7193283225790692,0.01237561846754587,-0.015068667945894678,DELL220121C00075000
140,85.75,DELL,Call,2022-01-22,0.8328767123287671,304,77.5,14.3,14.2,15.15,14.675,0.9500000000000011,0.35492588439941397,15.14990772647607,0.682351824957769,0.01281434471954831,-0.016284012332647105,DELL220121C00077500
141,85.75,DELL,Call,2022-01-22,0.8328767123287671,304,80.0,12.9,12.85,13.6,13.225,0.75,0.348090015258789,13.600736402707444,0.6471027359494411,0.013615751185605911,-0.016642320529726938,DELL220121C00080000
142,85.75,DELL,Call,2022-01-22,0.8328767123287671,304,82.5,13.25,10.9,12.05,11.475000000000001,1.1500000000000004,0.3384465570068359,12.050215125633361,0.6102081761052145,0.014460432010579387,-0.016708920542235217,DELL220121C00082500
143,85.75,DELL,Call,2022-01-22,0.8328767123287671,304,85.0,12.3,9.9,10.8,10.350000000000001,0.9000000000000004,0.335944140625,10.801049499893246,0.5723803130515919,0.014899918664370494,-0.01696255959805863,DELL220121C00085000
144,85.75,DELL,Call,2022-01-22,0.8328767123287671,304,87.5,11.35,9.05,10.05,9.55,1.0,0.3465031170654296,10.05067987919272,0.5377893470105731,0.014622300297686972,-0.0177083124303837,DELL220121C00087500
145,85.75,DELL,Call,2022-01-22,0.8328767123287671,304,90.0,8.75,8.0,8.5,8.25,0.5,0.3284979260253906,8.500373395389474,0.4957475109631674,0.015492416387187102,-0.01686244000364248,DELL220121C00090000
146,85.75,DELL,Call,2022-01-22,0.8328767123287671,304,95.0,8.0,5.75,6.65,6.2,0.9000000000000004,0.3242865423583984,6.650671425171388,0.4218883605587042,0.015392685914418317,-0.016324858419114463,DELL220121C00095000
147,85.75,DELL,Call,2022-01-22,0.8328767123287671,304,97.5,7.7,5.0,5.9,5.45,0.9000000000000004,0.3238593005371093,5.899108264225881,0.3876467323620874,0.015087786250088239,-0.015958023041385952,DELL220121C00097500
148,85.75,DELL,Call,2022-01-22,0.8328767123287671,304,100.0,4.72,4.8,5.1,4.949999999999999,0.2999999999999998,0.31928170959472646,5.100196976499154,0.3517828279690742,0.014827282744763758,-0.015240887830055692,DELL220121C00100000
149,85.75,DELL,Call,2022-01-22,0.8328767123287671,304,105.0,4.5,3.6,4.2,3.9000000000000004,0.6000000000000001,0.32758240783691406,4.200534522456067,0.2993358064742426,0.01352710359891329,-0.014633953878145643,DELL220121C00105000
150,85.75,DELL,Call,2022-01-22,0.8328767123287671,304,110.0,4.3,1.29,3.15,2.2199999999999998,1.8599999999999999,0.3221503332519531,3.1505772054664685,0.24253652053591587,0.012381462955877573,-0.012950912739032405,DELL220121C00110000
151,85.75,DELL,Call,2022-01-22,0.8328767123287671,304,115.0,2.6,1.89,2.34,2.1149999999999998,0.44999999999999996,0.3176948114013671,2.3399644341755823,0.1934848790315924,0.011019053187717816,-0.011206121477800963,DELL220121C00115000
152,85.75,DELL,Call,2022-01-22,0.8328767123287671,304,120.0,2.5,1.38,2.35,1.865,0.9700000000000002,0.3459538061523437,2.3508123746149203,0.18292869679277993,0.009774615680474105,-0.011786191682347036,DELL220121C00120000
153,85.75,DELL,Call,2022-01-22,0.8328767123287671,304,125.0,2.11,0.97,1.29,1.13,0.32000000000000006,0.31287308227539057,1.2896234964075473,0.12010882899612604,0.008161964881227233,-0.008045424009688485,DELL220121C00125000
154,85.75,DELL,Call,2022-01-22,0.8328767123287671,304,130.0,1.25,0.13,0.85,0.49,0.72,0.30322962402343745,0.8500967985921621,0.0865603235004971,0.006636502067952635,-0.006142074255379962,DELL220121C00130000
155,85.75,DELL,Call,2022-06-18,1.2356164383561643,451,40.0,35.3,36.3,40.7,38.5,4.400000000000006,1.0000000000000003e-05,45.754953117961925,0.9999999983149959,-0.0004045164903333681,-1.0957548543942584e-05,DELL220617C00040000
156,85.75,DELL,Call,2022-06-18,1.2356164383561643,451,50.0,35.0,34.85,39.2,37.025000000000006,4.350000000000001,0.5172777764892578,39.20043780299293,0.8897454445782993,0.0038161711350945256,-0.010296752705097228,DELL220617C00050000
157,85.75,DELL,Call,2022-06-18,1.2356164383561643,451,60.0,26.55,26.75,28.95,27.85,2.1999999999999993,0.37402969726562496,28.95050679398305,0.8568740602536133,0.006330558683686876,-0.008934416818121493,DELL220617C00060000
158,85.75,DELL,Call,2022-06-18,1.2356164383561643,451,62.5,24.5,24.6,26.95,25.775,2.349999999999998,0.366217275390625,26.950871711624366,0.8364982037302349,0.007061836311394613,-0.00955440009097298,DELL220617C00062500
159,85.75,DELL,Call,2022-06-18,1.2356164383561643,451,65.0,28.0,23.35,25.1,24.225,1.75,0.362311064453125,25.101058259834673,0.8130205601031141,0.007772178019873548,-0.010292070892607122,DELL220617C00065000
160,85.75,DELL,Call,2022-06-18,1.2356164383561643,451,67.5,17.1,20.65,24.8,22.725,4.150000000000002,0.41089456298828125,24.799907271218384,0.7740615348794,0.007667373347056465,-0.013056209988209154,DELL220617C00067500
161,85.75,DELL,Call,2022-06-18,1.2356164383561643,451,70.0,22.33,20.2,21.5,20.85,1.3000000000000007,0.3508976043701171,21.5009094749646,0.7627882671046529,0.009225341266621943,-0.011458477951264418,DELL220617C00070000
162,85.75,DELL,Call,2022-06-18,1.2356164383561643,451,72.5,13.0,12.75,15.7,14.225,2.9499999999999993,0.2063067651367187,15.700255503111606,0.8013534034691859,0.014163384856029186,-0.006088199896084138,DELL220617C00072500
163,85.75,DELL,Call,2022-06-18,1.2356164383561643,451,75.0,19.3,17.65,18.8,18.225,1.1500000000000021,0.3588931298828125,18.8000386222875,0.7038167174291106,0.01009369380565405,-0.013113637746879722,DELL220617C00075000
164,85.75,DELL,Call,2022-06-18,1.2356164383561643,451,77.5,12.67,14.5,17.5,16.0,3.0,0.3601748553466796,17.499907841359384,0.6747678007274553,0.010475263550691134,-0.0137062829273649,DELL220617C00077500
165,85.75,DELL,Call,2022-06-18,1.2356164383561643,451,80.0,16.97,14.85,15.55,15.2,0.7000000000000011,0.340826904296875,15.55063736472931,0.6454206374099326,0.011442421788953076,-0.013406707447842265,DELL220617C00080000
166,85.75,DELL,Call,2022-06-18,1.2356164383561643,451,82.5,13.56,13.55,14.25,13.9,0.6999999999999993,0.33814138427734375,14.24971831882527,0.6145392614348199,0.01185091026912455,-0.013666961227802013,DELL220617C00082500
167,85.75,DELL,Call,2022-06-18,1.2356164383561643,451,85.0,13.13,12.3,13.2,12.75,0.8999999999999986,0.34015552429199214,13.199125782849455,0.5842639193182823,0.012015660872608837,-0.014021884745676472,DELL220617C00085000
168,85.75,DELL,Call,2022-06-18,1.2356164383561643,451,87.5,10.94,12.75,15.8,14.275,3.0500000000000007,0.4373835559082031,15.79929901138817,0.5800909781436996,0.00936541097239162,-0.018066359974747512,DELL220617C00087500
169,85.75,DELL,Call,2022-06-18,1.2356164383561643,451,90.0,12.32,10.25,10.7,10.475,0.4499999999999993,0.3276129251098633,10.70012857908438,0.5199195516146765,0.012745466138304833,-0.013796072273006138,DELL220617C00090000
170,85.75,DELL,Call,2022-06-18,1.2356164383561643,451,95.0,6.6,6.35,9.6,7.975,3.25,0.34455001159667964,9.599660830465451,0.47005452651982077,0.012099843004767602,-0.014484713069070922,DELL220617C00095000
171,85.75,DELL,Call,2022-06-18,1.2356164383561643,451,100.0,7.8,6.8,7.35,7.074999999999999,0.5499999999999998,0.3242865423583984,7.350195629925148,0.40314235627522454,0.01251038863243064,-0.013265327595872105,DELL220617C00100000
172,85.75,DELL,Call,2022-06-18,1.2356164383561643,451,105.0,6.05,5.5,6.1,5.8,0.5999999999999996,0.3242865423583984,6.099145154793028,0.35181524165060896,0.01199229230546073,-0.012714469920202278,DELL220617C00105000
173,85.75,DELL,Call,2022-06-18,1.2356164383561643,451,110.0,3.48,2.08,5.85,3.965,3.7699999999999996,0.3479069116210937,5.8499477034780085,0.3265853248045341,0.010862923717753714,-0.01325444941457943,DELL220617C00110000
174,85.75,DELL,Call,2022-06-18,1.2356164383561643,451,115.0,3.47,0.0,0.0,0.0,0.0,0.062509375,1.843378823547015e-05,1.4418053297696263e-05,1.063404974234327e-05,-4.1508892688662296e-07,DELL220617C00115000
175,85.75,DELL,Call,2022-06-18,1.2356164383561643,451,120.0,4.2,2.8,3.2,3.0,0.40000000000000036,0.31592480957031244,3.2002769988148514,0.21777063419285558,0.009764460801169625,-0.00982133655935332,DELL220617C00120000
176,85.75,DELL,Call,2022-06-18,1.2356164383561643,451,125.0,3.8,0.46,2.68,1.57,2.22,0.3184882604980468,2.679969334791435,0.18786034041043398,0.008867005555682497,-0.00906268455257868,DELL220617C00125000
177,85.75,DELL,Call,2022-12-17,1.7342465753424658,633,32.5,40.5,46.0,51.0,48.5,5.0,1.0000000000000003e-05,53.255644715228385,0.9999999989577947,-4.797476422078781e-05,-8.90256430639653e-06,DELL221216C00032500
178,85.75,DELL,Call,2022-12-17,1.7342465753424658,633,37.5,28.65,27.25,31.65,29.45,4.399999999999999,1.0000000000000003e-05,48.256513132954936,0.9999999985502167,-2.0831274677788053e-05,-1.0272189538480032e-05,DELL221216C00037500
179,85.75,DELL,Call,2022-12-17,1.7342465753424658,633,40.0,41.0,0.0,0.0,0.0,0.0,1.0000000000000003e-05,45.75694734181832,0.9999999984348225,-8.658432539752384e-05,-1.095700218681918e-05,DELL221216C00040000
180,85.75,DELL,Call,2022-12-17,1.7342465753424658,633,45.0,37.9,0.0,0.0,0.0,0.0,1.0000000000000003e-05,40.75781575954499,0.999999997991789,-1.2522380158983745e-05,-1.232662743325708e-05,DELL221216C00045000
181,85.75,DELL,Call,2022-12-17,1.7342465753424658,633,47.5,30.75,31.0,34.1,32.55,3.1000000000000014,1.0000000000000003e-05,38.25824996840832,0.9999999975630721,-3.111888293844962e-05,-1.3011440074419029e-05,DELL221216C00047500
182,85.75,DELL,Call,2022-12-17,1.7342465753424658,633,50.0,21.0,23.0,28.0,25.5,5.0,1.0000000000000003e-05,35.75868417727172,0.9999999977625748,-9.796970084461205e-06,-1.3696252715580976e-05,DELL221216C00050000
183,85.75,DELL,Call,2022-12-17,1.7342465753424658,633,52.5,21.4,24.05,27.7,25.875,3.6499999999999986,1.0000000000000003e-05,33.259118386135036,0.9999999974823478,-7.914209737400337e-06,-1.4381065342388525e-05,DELL221216C00052500
184,85.75,DELL,Call,2022-12-17,1.7342465753424658,633,55.0,35.2,33.0,34.7,33.85,1.7000000000000028,0.3996031719970704,34.70041386366715,0.8658444435514526,0.0047874069843227215,-0.007712159221701043,DELL221216C00055000
185,85.75,DELL,Call,2022-12-17,1.7342465753424658,633,57.5,21.0,21.25,23.65,22.45,2.3999999999999986,1.0000000000000003e-05,28.25998680386177,0.9999999969810003,4.758260121815986e-06,-1.5750690606769423e-05,DELL221216C00057500
186,85.75,DELL,Call,2022-12-17,1.7342465753424658,633,60.0,26.45,31.1,35.2,33.150000000000006,4.100000000000001,0.5301560656738282,35.2002408897258,0.8053036505548787,0.004597594250498507,-0.013029854773302625,DELL221216C00060000
187,85.75,DELL,Call,2022-12-17,1.7342465753424658,633,62.5,24.2,27.9,30.85,29.375,2.950000000000003,0.4382990740966797,30.85099922264791,0.7986113995749006,0.005675743074419444,-0.010996376436163427,DELL221216C00062500
188,85.75,DELL,Call,2022-12-17,1.7342465753424658,633,65.0,22.82,29.05,30.45,29.75,1.3999999999999986,0.47009807250976565,30.45089593071062,0.7755544797695403,0.005637504659989199,-0.01256327249234317,DELL221216C00065000
189,85.75,DELL,Call,2022-12-17,1.7342465753424658,633,67.5,14.0,14.7,19.25,16.975,4.550000000000001,0.1583946466064453,19.250125804778285,0.8946433083123305,0.010183564985859279,-0.0025889425508762946,DELL221216C00067500
190,85.75,DELL,Call,2022-12-17,1.7342465753424658,633,70.0,16.25,18.1,20.85,19.475,2.75,0.2774120111083984,20.849660887150097,0.7698567012666107,0.009689000243938848,-0.007525084851315345,DELL221216C00070000
191,85.75,DELL,Call,2022-12-17,1.7342465753424658,633,72.5,17.0,19.55,22.95,21.25,3.3999999999999986,0.37531142272949214,22.949314899842705,0.7214089867034835,0.007917139790843105,-0.011247845266784151,DELL221216C00072500
192,85.75,DELL,Call,2022-12-17,1.7342465753424658,633,75.0,13.85,12.0,17.0,14.5,5.0,0.2565687136840821,17.000242031863614,0.7142120101614763,0.011724249877359235,-0.00778864425601962,DELL221216C00075000
193,85.75,DELL,Call,2022-12-17,1.7342465753424658,633,77.5,12.95,13.45,15.8,14.625,2.3500000000000014,0.2621838919067383,15.800121026615415,0.6794074137529923,0.012078596237671293,-0.008377939516221091,DELL221216C00077500
194,85.75,DELL,Call,2022-12-17,1.7342465753424658,633,80.0,16.0,18.0,21.0,19.5,3.0,0.41785250122070305,21.00048634679903,0.6560576053373051,0.007793297872592372,-0.01372135749940941,DELL221216C00080000
195,85.75,DELL,Call,2022-12-17,1.7342465753424658,633,85.0,11.25,12.65,16.85,14.75,4.200000000000001,0.3704896936035156,16.850928038651663,0.6035345959462822,0.009205469287570099,-0.012742308827403312,DELL221216C00085000
196,85.75,DELL,Call,2022-12-17,1.7342465753424658,633,90.0,11.25,13.0,18.0,15.5,5.0,0.44006907592773437,17.999679094743126,0.581958567504436,0.007851802524942218,-0.015331508905648284,DELL221216C00090000
197,85.75,DELL,Call,2022-12-17,1.7342465753424658,633,95.0,10.5,12.3,13.05,12.675,0.75,0.36746848358154294,13.050106947465656,0.5123661054452051,0.009601855394290643,-0.013073496494336475,DELL221216C00095000
198,85.75,DELL,Call,2022-12-17,1.7342465753424658,633,100.0,11.56,9.2,9.95,9.575,0.75,0.33246517150878907,9.949381922822543,0.44774490201928313,0.010526640013634792,-0.011731951618993604,DELL221216C00100000
199,85.75,DELL,Call,2022-12-17,1.7342465753424658,633,105.0,5.17,3.5,8.5,6.0,5.0,0.32971861694335935,8.500086622163165,0.4019246658796515,0.010381114427755177,-0.011378513860642639,DELL221216C00105000
200,85.75,DELL,Call,2022-12-17,1.7342465753424658,633,110.0,4.1,2.21,5.85,4.029999999999999,3.6399999999999997,0.2937082348632812,5.849080911077125,0.3265820952044389,0.010864668753949503,-0.009448766882887052,DELL221216C00110000
201,85.75,DELL,Call,2022-12-17,1.7342465753424658,633,115.0,7.25,5.5,6.2,5.85,0.7000000000000002,0.3261175787353515,6.200350469539495,0.32005554204040987,0.009703764996506234,-0.010403305209407486,DELL221216C00115000
202,85.75,DELL,Call,2022-12-17,1.7342465753424658,633,125.0,5.59,3.8,4.55,4.175,0.75,0.32471378417968744,4.54908043994456,0.2526230966647548,0.008707417993654463,-0.009253316015949972,DELL221216C00125000
203,85.75,DELL,Call,2023-01-21,1.83013698630137,668,30.0,50.9,57.15,61.85,59.5,4.700000000000003,0.7532983654785157,59.50171969678111,0.9382317760539592,0.0013939884366280927,-0.007974219196484575,DELL230120C00030000
204,85.75,DELL,Call,2023-01-21,1.83013698630137,668,32.5,48.0,51.55,56.5,54.025,4.950000000000003,0.6687044848632814,56.5004903771691,0.9363321697251183,0.0016077470530939573,-0.007248350147145949,DELL230120C00032500
205,85.75,DELL,Call,2023-01-21,1.83013698630137,668,40.0,41.5,48.0,53.0,50.5,5.0,0.6272009936523439,50.499959003946806,0.9070716843881567,0.0022842454815999546,-0.009059972023827571,DELL230120C00040000
206,85.75,DELL,Call,2023-01-21,1.83013698630137,668,45.0,45.75,40.05,45.0,42.525,4.950000000000003,0.5266160620117188,45.00043317877076,0.8963796026317861,0.002946354452401314,-0.008240075496598075,DELL230120C00045000
207,85.75,DELL,Call,2023-01-21,1.83013698630137,668,47.5,28.5,31.45,39.45,35.45,8.000000000000004,0.3282537878417968,39.45040157839552,0.9396601537283391,0.003140408731298142,-0.0034187870228677896,DELL230120C00047500
208,85.75,DELL,Call,2023-01-21,1.83013698630137,668,50.0,33.5,39.85,44.05,41.95,4.199999999999996,0.5408981457519533,41.95036660007492,0.8650025707505387,0.003457974401200872,-0.01020165739166605,DELL230120C00050000
209,85.75,DELL,Call,2023-01-21,1.83013698630137,668,52.5,24.88,24.95,29.35,27.15,4.400000000000002,1.0000000000000003e-05,33.259621720940395,0.999999998884311,-9.707777304221292e-05,-1.4380927425325794e-05,DELL230120C00052500
210,85.75,DELL,Call,2023-01-21,1.83013698630137,668,55.0,23.27,24.2,28.8,26.5,4.600000000000001,1.0000000000000003e-05,30.76007989812812,0.9999999987976635,-9.390366322735856e-05,-1.5065733488584537e-05,DELL230120C00055000
211,85.75,DELL,Call,2023-01-21,1.83013698630137,668,57.5,24.0,22.1,26.9,24.5,4.799999999999997,1.0000000000000003e-05,28.260538075315726,0.9999999985162774,-9.629746252402097e-05,-1.575053955902048e-05,DELL230120C00057500
212,85.75,DELL,Call,2023-01-21,1.83013698630137,668,60.0,32.5,28.0,32.25,30.125,4.25,0.42212491943359376,32.25062831163875,0.8188393727626179,0.005376484469380796,-0.009662848550961216,DELL230120C00060000
213,85.75,DELL,Call,2023-01-21,1.83013698630137,668,62.5,16.4,15.65,20.35,18.0,4.700000000000001,1.0000000000000003e-05,23.261454429691273,0.9999999986671309,-8.418508470018028e-05,-1.7120151703480963e-05,DELL230120C00062500
214,85.75,DELL,Call,2023-01-21,1.83013698630137,668,65.0,22.48,24.5,28.25,26.375,3.75,0.3936828210449219,28.249392274097918,0.7842644356595686,0.006406171319329088,-0.010014497625943312,DELL230120C00065000
215,85.75,DELL,Call,2023-01-21,1.83013698630137,668,67.5,23.0,25.0,27.9,26.45,2.8999999999999986,0.4246883703613281,27.900401876539707,0.7592985597760393,0.006315682166617668,-0.01148783367218923,DELL230120C00067500
216,85.75,DELL,Call,2023-01-21,1.83013698630137,668,70.0,22.0,22.85,25.5,24.175,2.6499999999999986,0.39670403106689456,25.500101089776027,0.7411096581416754,0.007027861152699074,-0.011154664585734681,DELL230120C00070000
217,85.75,DELL,Call,2023-01-21,1.83013698630137,668,72.5,21.25,20.1,22.8,21.450000000000003,2.6999999999999993,0.36151761535644533,22.799862449551842,0.7217545404332592,0.007996499385385335,-0.010541356153668337,DELL230120C00072500
218,85.75,DELL,Call,2023-01-21,1.83013698630137,668,75.0,19.61,21.15,24.4,22.775,3.25,0.4334773449707031,24.39936821907959,0.6991692425989121,0.006918058479673262,-0.013108433516093341,DELL230120C00075000
219,85.75,DELL,Call,2023-01-21,1.83013698630137,668,77.5,19.91,18.05,21.2,19.625,3.1499999999999986,0.38446660461425775,21.200206055642642,0.6754354958046823,0.008059571886134235,-0.012014435798292885,DELL230120C00077500
220,85.75,DELL,Call,2023-01-21,1.83013698630137,668,80.0,19.0,15.75,20.35,18.05,4.600000000000001,0.3915466119384765,20.349481429067886,0.6540767238518038,0.00811378751975722,-0.012544210578975548,DELL230120C00080000
221,85.75,DELL,Call,2023-01-21,1.83013698630137,668,82.5,18.37,15.5,18.75,17.125,3.25,0.379889013671875,18.751054948733003,0.6303026059510651,0.008559184451967938,-0.012456551200272937,DELL230120C00082500
222,85.75,DELL,Call,2023-01-21,1.83013698630137,668,85.0,12.1,13.35,16.65,15.0,3.299999999999999,0.35617709259033203,16.650236423035604,0.602459244281214,0.009328327356223874,-0.01193436313932846,DELL230120C00085000
223,85.75,DELL,Call,2023-01-21,1.83013698630137,668,87.5,17.2,13.2,15.55,14.375,2.3500000000000014,0.3539798489379882,15.549978583456113,0.5784215717141612,0.009520012914158521,-0.012029426543060514,DELL230120C00087500
224,85.75,DELL,Call,2023-01-21,1.83013698630137,668,90.0,15.59,11.9,14.9,13.4,3.0,0.3604189935302734,14.90049726322472,0.5577346667306383,0.009434716643405077,-0.012358722679299536,DELL230120C00090000
225,85.75,DELL,Call,2023-01-21,1.83013698630137,668,92.5,16.26,10.3,14.5,12.4,4.199999999999999,0.3710084872436523,14.500490506995995,0.5400922943746913,0.00921577524992339,-0.012791049075193503,DELL230120C00092500
226,85.75,DELL,Call,2023-01-21,1.83013698630137,668,95.0,12.0,9.3,12.7,11.0,3.3999999999999986,0.35016518981933586,12.700306752394367,0.5085141434139719,0.009811684199510468,-0.012131044200779699,DELL230120C00095000
227,85.75,DELL,Call,2023-01-21,1.83013698630137,668,97.5,13.36,10.2,12.05,11.125,1.8500000000000014,0.35315588256835934,12.05002168493845,0.48837847483556585,0.009726675363395514,-0.012231758428245268,DELL230120C00097500
228,85.75,DELL,Call,2023-01-21,1.83013698630137,668,100.0,11.0,8.05,11.35,9.7,3.299999999999999,0.35407140075683585,11.350551003211574,0.4678646076875859,0.009674133542308583,-0.012228410966417897,DELL230120C00100000
229,85.75,DELL,Call,2023-01-21,1.83013698630137,668,105.0,10.96,6.0,9.2,7.6,3.1999999999999993,0.33649345153808596,9.199787209541613,0.4143485370415355,0.009976347390960006,-0.01138884050962862,DELL230120C00105000
230,85.75,DELL,Call,2023-01-21,1.83013698630137,668,110.0,7.75,6.15,8.05,7.1000000000000005,1.9000000000000004,0.33704276245117193,8.050101077839845,0.3755350802847138,0.009695649251596068,-0.011103724149046973,DELL230120C00110000
231,85.75,DELL,Call,2023-01-21,1.83013698630137,668,115.0,7.47,5.7,7.05,6.375,1.3499999999999996,0.33768362518310546,7.050234569318254,0.3398056821491662,0.00934473555889725,-0.010741761770003612,DELL230120C00115000
232,85.75,DELL,Call,2023-01-21,1.83013698630137,668,120.0,7.0,4.75,6.75,5.75,2.0,0.3522098471069336,6.7500130850700755,0.3206240644879337,0.008753214276381973,-0.010945268934254355,DELL230120C00120000
233,85.75,DELL,Call,2023-01-21,1.83013698630137,668,130.0,5.0,3.25,5.55,4.4,2.3,0.3606631317138671,5.550243714113676,0.271708942280047,0.007921976923340514,-0.010385632500493243,DELL230120C00130000
0,85.75,DELL,Put,2021-04-17,0.06575342465753424,24,30.0,0.04,0.0,0.0,0.0,0.0,0.500005,0.0,0.0,0.0,0.0,DELL210416P00030000
1,85.75,DELL,Put,2021-04-17,0.06575342465753424,24,40.0,0.05,0.0,0.14,0.07,0.14,1.2656286718749998,0.07018350187680823,-0.006800882282322864,0.0006681418193990173,-0.010336304190138415,DELL210416P00040000
2,85.75,DELL,Put,2021-04-17,0.06575342465753424,24,42.5,0.42,0.0,0.2,0.1,0.2,1.23047259765625,0.10000299966022005,-0.0096248755344659,0.0009311587417528515,-0.013707351523082717,DELL210416P00042500
3,85.75,DELL,Put,2021-04-17,0.06575342465753424,24,45.0,0.09,0.0,1.0,0.5,1.0,1.4970728271484375,0.5008103810793971,-0.03275550116393211,0.0021780934569231706,-0.04832512572630256,DELL210416P00045000
4,85.75,DELL,Put,2021-04-17,0.06575342465753424,24,47.5,0.15,0.0,0.35,0.175,0.35,1.1464886425781249,0.1756096784786877,-0.01705111240974314,0.0016406561212493679,-0.021125392044242308,DELL210416P00047500
5,85.75,DELL,Put,2021-04-17,0.06575342465753424,24,50.0,0.25,0.0,0.25,0.125,0.25,1.0039112304687499,0.12606866321233173,-0.014462798740203156,0.0016292612517910577,-0.016005419489005104,DELL210416P00050000
6,85.75,DELL,Put,2021-04-17,0.06575342465753424,24,52.5,0.4,0.0,2.35,1.175,2.35,1.4541042919921874,1.1750042910908702,-0.06948961578781568,0.0040928463825496975,-0.08655906930704986,DELL210416P00052500
7,85.75,DELL,Put,2021-04-17,0.06575342465753424,24,55.0,0.14,0.01,0.08,0.045,0.07,0.7304714453125,0.045005710979567806,-0.0077937244234976165,0.001303790529878589,-0.006718561512648122,DELL210416P00055000
8,85.75,DELL,Put,2021-04-17,0.06575342465753424,24,57.5,0.24,0.0,0.15,0.075,0.15,0.7128934960937501,0.07538897054186015,-0.012695615863932145,0.0020453513067312475,-0.010117988379403368,DELL210416P00057500
9,85.75,DELL,Put,2021-04-17,0.06575342465753424,24,60.0,0.1,0.0,0.1,0.05,0.1,0.6093789062500001,0.05008212982774269,-0.010205495907731581,0.0019839763929015456,-0.007123270032754959,DELL210416P00060000
10,85.75,DELL,Put,2021-04-17,0.06575342465753424,24,62.5,0.07,0.0,0.36,0.18,0.36,0.6699251757812501,0.1811502138176318,-0.029262100434225124,0.004430998206483933,-0.019580768554985944,DELL210416P00062500
11,85.75,DELL,Put,2021-04-17,0.06575342465753424,24,65.0,0.06,0.0,0.1,0.05,0.1,0.5410202148437502,0.10072236982213847,-0.021297048847221733,0.004202720759106998,-0.012045244850121834,DELL210416P00065000
12,85.75,DELL,Put,2021-04-17,0.06575342465753424,24,67.5,0.04,0.0,0.1,0.05,0.1,0.476567734375,0.09991920586573712,-0.02377973289426993,0.005242648623216734,-0.011660644383266243,DELL210416P00067500
13,85.75,DELL,Put,2021-04-17,0.06575342465753424,24,70.0,0.1,0.0,0.15,0.075,0.15,0.445318046875,0.14915559190133373,-0.03594578840773525,0.007907950118104965,-0.015455870347951952,DELL210416P00070000
14,85.75,DELL,Put,2021-04-17,0.06575342465753424,24,72.5,0.08,0.04,0.13,0.085,0.09,0.3711000390625,0.13067384268318122,-0.03778095371133309,0.009882851281458969,-0.013420688323903375,DELL210416P00072500
15,85.75,DELL,Put,2021-04-17,0.06575342465753424,24,75.0,0.07,0.1,0.25,0.175,0.15,0.35547519531249994,0.2503153000903405,-0.06857619049525317,0.016572558270961327,-0.020846732093688404,DELL210416P00075000
16,85.75,DELL,Put,2021-04-17,0.06575342465753424,24,77.5,0.33,0.24,0.34,0.29000000000000004,0.10000000000000003,0.3110420458984374,0.34068344104624504,-0.09966545962705345,0.025095119799272172,-0.024294642133360866,DELL210416P00077500
17,85.75,DELL,Put,2021-04-17,0.06575342465753424,24,80.0,0.31,0.5,0.61,0.5549999999999999,0.10999999999999999,0.2890696093749999,0.6091407549896878,-0.16973350129682932,0.03898934392752169,-0.03284036806036622,DELL210416P00080000
18,85.75,DELL,Put,2021-04-17,0.06575342465753424,24,82.5,1.2,0.9,1.15,1.025,0.2499999999999999,0.2775951147460937,1.1494458493887296,-0.2850501559876928,0.054520421844565896,-0.042604105129326414,DELL210416P00082500
19,85.75,DELL,Put,2021-04-17,0.06575342465753424,24,85.0,2.08,1.88,2.05,1.9649999999999999,0.16999999999999993,0.2700268310546875,2.0504852922434953,-0.43675253001312725,0.06502868404215034,-0.048218814817011825,DELL210416P00085000
20,85.75,DELL,Put,2021-04-17,0.06575342465753424,24,87.5,3.33,3.25,3.5,3.375,0.25,0.2797923583984374,3.5016497933402566,-0.5948205380981151,0.06177673489391521,-0.04914041163317147,DELL210416P00087500
21,85.75,DELL,Put,2021-04-17,0.06575342465753424,24,90.0,5.7,5.05,5.25,5.15,0.20000000000000018,0.282233740234375,5.25146153431038,-0.7320539719764183,0.052081593098715476,-0.0419793391839267,DELL210416P00090000
22,85.75,DELL,Put,2021-04-17,0.06575342465753424,24,92.5,5.4,7.0,7.4,7.2,0.40000000000000036,0.304694453125,7.402421044037688,-0.81909077080529,0.03857771562401957,-0.03605701724864808,DELL210416P00092500
23,85.75,DELL,Put,2021-04-17,0.06575342465753424,24,95.0,6.35,9.3,9.65,9.475000000000001,0.34999999999999964,0.3193427441406249,9.65493167614752,-0.8822240978119604,0.0276362687256741,-0.028187453941289218,DELL210416P00095000
24,85.75,DELL,Put,2021-04-17,0.06575342465753424,24,105.0,15.6,19.15,19.9,19.525,0.75,0.5903361279296876,19.90839612538615,-0.8917297133575691,0.014067899280886463,-0.04896124142282741,DELL210416P00105000
25,85.75,DELL,Put,2021-04-17,0.06575342465753424,24,110.0,21.4,23.3,25.05,24.175,1.75,0.7216824707031251,25.059363568052525,-0.8899361496178143,0.011643105967182618,-0.060543178611588144,DELL210416P00110000
26,85.75,DELL,Put,2021-05-22,0.16164383561643836,59,80.0,1.6,1.45,1.59,1.52,0.14000000000000012,0.28321029296874994,1.591084540967914,-0.2540679450300256,0.032560880522344016,-0.02636115038234552,DELL210521P00080000
27,85.75,DELL,Put,2021-05-22,0.16164383561643836,59,82.5,2.2,1.92,2.38,2.15,0.45999999999999996,0.278327529296875,2.3798520276020296,-0.34510754512187586,0.03809246813828425,-0.029818133782201457,DELL210521P00082500
28,85.75,DELL,Put,2021-05-22,0.16164383561643836,59,85.0,3.55,3.25,3.45,3.35,0.20000000000000018,0.27637442382812494,3.4517103460462875,-0.44667809587207546,0.04116464426729423,-0.03178588145324586,DELL210521P00085000
29,85.75,DELL,Put,2021-05-22,0.16164383561643836,59,87.5,4.4,4.55,5.2,4.875,0.6500000000000004,0.30493859130859374,5.202745919254221,-0.5406545257672306,0.03746449445138107,-0.03520274489004746,DELL210521P00087500
30,85.75,DELL,Put,2021-05-22,0.16164383561643836,59,90.0,5.4,6.15,6.4,6.275,0.25,0.2756420092773437,6.403079065201244,-0.6471595377656176,0.03880591816875651,-0.02976542145431029,DELL210521P00090000
31,85.75,DELL,Put,2021-07-17,0.3150684931506849,115,30.0,1.32,0.45,0.97,0.71,0.52,1.1533245458984376,0.711528395682554,-0.026150106598899867,0.0010886679963562679,-0.014535944598291875,DELL210716P00030000
32,85.75,DELL,Put,2021-07-17,0.3150684931506849,115,35.0,0.1,0.0,0.35,0.175,0.35,0.7753928710937501,0.1748600893935941,-0.011644863097306647,0.0008117462214611585,-0.004882766555426451,DELL210716P00035000
33,85.75,DELL,Put,2021-07-17,0.3150684931506849,115,40.0,0.25,0.0,0.12,0.06,0.12,0.57617611328125,0.060232098504609394,-0.006039163029346803,0.0006112747903894137,-0.0020334929366595616,DELL210716P00040000
34,85.75,DELL,Put,2021-07-17,0.3150684931506849,115,42.5,0.37,0.0,0.13,0.065,0.13,0.5390671093750001,0.06501447128600711,-0.006915932601338485,0.000738841730646421,-0.0021456906914258983,DELL210716P00042500
35,85.75,DELL,Put,2021-07-17,0.3150684931506849,115,45.0,0.62,0.05,0.75,0.4,0.7,0.6650424121093752,0.4008646370485168,-0.028228023767425264,0.00201241838496534,-0.008924537222963137,DELL210716P00045000
36,85.75,DELL,Put,2021-07-17,0.3150684931506849,115,47.5,0.45,0.0,0.2,0.1,0.2,0.543949873046875,0.2005163730138859,-0.018767627311979267,0.0017447080200898044,-0.005167911270434646,DELL210716P00047500
37,85.75,DELL,Put,2021-07-17,0.3150684931506849,115,50.0,0.4,0.0,0.35,0.175,0.35,0.5551802294921876,0.35094607410352463,-0.030038540188932178,0.002538632915248001,-0.007844298392119491,DELL210716P00050000
38,85.75,DELL,Put,2021-07-17,0.3150684931506849,115,52.5,0.78,0.04,0.0,0.02,-0.04,0.2500075,0.0006249697168945384,-0.0001966961393140514,6.080103784549494e-05,-3.8058421208492944e-05,DELL210716P00052500
39,85.75,DELL,Put,2021-07-17,0.3150684931506849,115,55.0,0.24,0.0,0.2,0.1,0.2,0.42383388671875,0.20096619425657636,-0.02394080908983156,0.002750288640573986,-0.004949279400750848,DELL210716P00055000
40,85.75,DELL,Put,2021-07-17,0.3150684931506849,115,57.5,0.34,0.0,0.25,0.125,0.25,0.4028380029296875,0.2507049623711389,-0.030487701084131416,0.003542714764659876,-0.005760076789325792,DELL210716P00057500
41,85.75,DELL,Put,2021-07-17,0.3150684931506849,115,60.0,0.16,0.0,0.35,0.175,0.35,0.39111937011718745,0.34958065048938336,-0.04180911580042448,0.004726545841570221,-0.007251361034160238,DELL210716P00060000
42,85.75,DELL,Put,2021-07-17,0.3150684931506849,115,62.5,0.85,0.0,0.45,0.225,0.45,0.37402969726562496,0.450742743317875,-0.05417796734519613,0.006082244114510056,-0.008540835470426882,DELL210716P00062500
43,85.75,DELL,Put,2021-07-17,0.3150684931506849,115,65.0,0.69,0.39,0.55,0.47000000000000003,0.16000000000000003,0.352545537109375,0.5494206207564538,-0.06763945603605846,0.007675506405301064,-0.009582524253684135,DELL210716P00065000
44,85.75,DELL,Put,2021-07-17,0.3150684931506849,115,67.5,0.54,0.63,0.93,0.78,0.30000000000000004,0.3635317553710938,0.9309125419683233,-0.10198501672274234,0.010134880705117312,-0.013470339778810974,DELL210716P00067500
45,85.75,DELL,Put,2021-07-17,0.3150684931506849,115,70.0,0.9,0.93,1.08,1.0050000000000001,0.15000000000000002,0.33789724609375,1.080645545671598,-0.12287640869436413,0.012457435669806742,-0.01431156794924203,DELL210716P00070000
46,85.75,DELL,Put,2021-07-17,0.3150684931506849,115,72.5,1.39,1.3,1.49,1.395,0.18999999999999995,0.33228206787109377,1.48991604934382,-0.1611495502077869,0.015226070965484366,-0.01692686093418628,DELL210716P00072500
47,85.75,DELL,Put,2021-07-17,0.3150684931506849,115,75.0,1.57,1.8,2.03,1.915,0.22999999999999976,0.3282537878417968,2.0308653802300176,-0.20715481376086947,0.018024881843205165,-0.01956871979606652,DELL210716P00075000
48,85.75,DELL,Put,2021-07-17,0.3150684931506849,115,77.5,2.46,2.38,2.67,2.525,0.29000000000000004,0.3221503332519531,2.6703949119958645,-0.25858454910424716,0.02077616834812573,-0.02173825524315096,DELL210716P00077500
49,85.75,DELL,Put,2021-07-17,0.3150684931506849,115,80.0,3.2,3.15,3.5,3.325,0.3500000000000001,0.31915964050292955,3.5008906401351987,-0.31718819668905224,0.023099290387869727,-0.023731246473559422,DELL210716P00080000
50,85.75,DELL,Put,2021-07-17,0.3150684931506849,115,82.5,3.9,4.2,4.5,4.35,0.2999999999999998,0.31690136230468746,4.501971688080361,-0.3800387588720278,0.02486510371745189,-0.025188178155361174,DELL210716P00082500
51,85.75,DELL,Put,2021-07-17,0.3150684931506849,115,85.0,4.75,5.2,5.55,5.375,0.34999999999999964,0.3086006640625,5.550827439192115,-0.44543679795606156,0.026501867190915022,-0.025460610795164772,DELL210716P00085000
52,85.75,DELL,Put,2021-07-17,0.3150684931506849,115,87.5,6.1,6.55,6.9,6.725,0.35000000000000053,0.30762411132812495,6.9017928579274965,-0.512026028489663,0.02682761955010371,-0.025607415761639368,DELL210716P00087500
53,85.75,DELL,Put,2021-07-17,0.3150684931506849,115,90.0,7.1,8.1,8.4,8.25,0.3000000000000007,0.3060372131347656,8.402124711236876,-0.5771386258219067,0.026477543530559196,-0.025004818971306002,DELL210716P00090000
54,85.75,DELL,Put,2021-07-17,0.3150684931506849,115,92.5,9.0,9.7,10.15,9.925,0.45000000000000107,0.3099434240722656,10.153950873170238,-0.6356532556401396,0.025096362218065753,-0.024294908446798047,DELL210716P00092500
55,85.75,DELL,Put,2021-07-17,0.3150684931506849,115,100.0,12.2,15.6,15.95,15.774999999999999,0.34999999999999964,0.31140825317382803,15.95617616993675,-0.7849432927247723,0.0194425130347505,-0.018963714718853695,DELL210716P00100000
56,85.75,DELL,Put,2021-07-17,0.3150684931506849,115,105.0,19.4,19.95,20.3,20.125,0.3500000000000014,0.3139717041015625,20.307599996029538,-0.8548022696208476,0.015065688605131968,-0.014907557572905947,DELL210716P00105000
57,85.75,DELL,Put,2021-07-17,0.3150684931506849,115,120.0,32.1,33.95,35.75,34.85,1.7999999999999972,0.48950705810546885,35.76327559785009,-0.8602089668036348,0.00941373079857263,-0.022645672192373408,DELL210716P00120000
58,85.75,DELL,Put,2021-10-16,0.5643835616438356,206,55.0,0.92,0.0,0.5,0.25,0.5,0.3789124609375,0.5008339113241709,-0.044625790227343906,0.00384797253267403,-0.005552959609548584,DELL211015P00055000
59,85.75,DELL,Put,2021-10-16,0.5643835616438356,206,60.0,1.3,0.68,0.85,0.765,0.16999999999999993,0.36035795898437495,0.8512126014685336,-0.07327647338099136,0.005978104859533564,-0.007806644848805431,DELL211015P00060000
60,85.75,DELL,Put,2021-10-16,0.5643835616438356,206,70.0,2.04,2.03,2.32,2.175,0.29000000000000004,0.3350896569824219,2.321262857510006,-0.1760649041706842,0.011963435034518268,-0.013525855170475378,DELL211015P00070000
61,85.75,DELL,Put,2021-10-16,0.5643835616438356,206,72.5,3.2,2.56,3.0,2.7800000000000002,0.43999999999999995,0.3350896569824219,3.0005007563337376,-0.21436756089883646,0.013485933225790205,-0.01525061884877782,DELL211015P00072500
62,85.75,DELL,Put,2021-10-16,0.5643835616438356,206,75.0,3.48,3.4,3.7,3.55,0.30000000000000027,0.33045103149414057,3.7013322886630196,-0.25376937653648807,0.015012962747521627,-0.016517397186506425,DELL211015P00075000
63,85.75,DELL,Put,2021-10-16,0.5643835616438356,206,77.5,4.0,4.25,4.5,4.375,0.25,0.3255072332763671,4.5012593263230345,-0.29626210048824075,0.016451135070230865,-0.017563676379449656,DELL211015P00077500
64,85.75,DELL,Put,2021-10-16,0.5643835616438356,206,87.5,8.7,8.75,9.1,8.925,0.34999999999999964,0.3157417059326171,9.102119276177397,-0.4865621785953684,0.019564316102948454,-0.01965041337255057,DELL211015P00087500
65,85.75,DELL,Put,2021-12-18,0.736986301369863,269,27.5,0.97,0.0,1.19,0.595,1.19,0.7846701220703125,0.5960189427977904,-0.021541891037845835,0.0008908930963670117,-0.005516217823913812,DELL211217P00027500
66,85.75,DELL,Put,2021-12-18,0.736986301369863,269,35.0,0.85,0.87,1.13,1.0,0.2599999999999999,0.7065459033203125,1.0001487984438604,-0.037640645589063555,0.0015741621032191366,-0.0079044138724842,DELL211217P00035000
67,85.75,DELL,Put,2021-12-18,0.736986301369863,269,40.0,1.45,0.0,0.0,0.0,0.0,0.2500075,0.0006428625931947625,-0.0001332258286577687,2.7208763578009735e-05,-1.7540783639867072e-05,DELL211217P00040000
68,85.75,DELL,Put,2021-12-18,0.736986301369863,269,42.5,0.01,0.0,0.87,0.435,0.87,0.5529829858398438,0.8711442424862587,-0.04326578842506973,0.002252301566138774,-0.0069263784912766205,DELL211217P00042500
69,85.75,DELL,Put,2021-12-18,0.736986301369863,269,45.0,1.1,0.87,1.42,1.145,0.5499999999999999,0.5500533276367189,1.1460678690558552,-0.05482873677706542,0.002736148589216191,-0.008327831021439098,DELL211217P00045000
70,85.75,DELL,Put,2021-12-18,0.736986301369863,269,47.5,1.58,0.63,0.83,0.73,0.19999999999999996,0.4721732470703125,0.8295446430263278,-0.048664526826426004,0.0028992510640349174,-0.006500132638561831,DELL211217P00047500
71,85.75,DELL,Put,2021-12-18,0.736986301369863,269,50.0,1.15,0.05,2.98,1.515,2.93,0.5124560473632812,1.5161791356820609,-0.07430324749017933,0.0037200526729195093,-0.009829961288767473,DELL211217P00050000
72,85.75,DELL,Put,2021-12-18,0.736986301369863,269,52.5,1.09,0.78,1.14,0.96,0.3599999999999999,0.43897045410156255,1.1402957981239294,-0.06830211383309255,0.004071094164149755,-0.007891240776689097,DELL211217P00052500
73,85.75,DELL,Put,2021-12-18,0.736986301369863,269,55.0,0.9,0.64,1.03,0.835,0.39,0.39453730468750003,1.0308811133389721,-0.06960716593679944,0.004596087355139041,-0.007196215798357072,DELL211217P00055000
74,85.75,DELL,Put,2021-12-18,0.736986301369863,269,57.5,2.35,1.2,1.8,1.5,0.6000000000000001,0.42774009765625004,1.8006553213940644,-0.1019551117522258,0.005645009422214988,-0.010392962042714213,DELL211217P00057500
75,85.75,DELL,Put,2021-12-18,0.736986301369863,269,60.0,1.16,1.11,1.51,1.31,0.3999999999999999,0.37183245361328127,1.5099358858943899,-0.10084788084093572,0.006441650521116232,-0.008961913310738968,DELL211217P00060000
76,85.75,DELL,Put,2021-12-18,0.736986301369863,269,62.5,5.2,1.53,5.85,3.69,4.319999999999999,0.5861857788085938,5.850476508564183,-0.18958102980090985,0.006269574538756667,-0.02170339292162842,DELL211217P00062500
77,85.75,DELL,Put,2021-12-18,0.736986301369863,269,65.0,5.5,3.6,8.25,5.925,4.65,0.5462081512451173,5.926082881587046,-0.20478033084601963,0.007051176325895611,-0.021189766160046315,DELL211217P00065000
78,85.75,DELL,Put,2021-12-18,0.736986301369863,269,67.5,4.65,1.89,2.75,2.32,0.8600000000000001,0.34961587890624996,2.7509493057198933,-0.1719931768369496,0.009890673002008375,-0.0121726892666213,DELL211217P00067500
79,85.75,DELL,Put,2021-12-18,0.736986301369863,269,70.0,2.85,2.99,3.35,3.17,0.3599999999999999,0.3448551843261719,3.3502522667801604,-0.2025331624842927,0.011093692505689335,-0.013286860922764737,DELL211217P00070000
80,85.75,DELL,Put,2021-12-18,0.736986301369863,269,72.5,6.85,3.6,4.05,3.825,0.44999999999999973,0.340826904296875,4.050956220738232,-0.2360041803574843,0.012259608409748738,-0.014341030977275272,DELL211217P00072500
81,85.75,DELL,Put,2021-12-18,0.736986301369863,269,75.0,14.7,8.95,12.65,10.8,3.700000000000001,0.5719036950683594,10.801392773514715,-0.3021584195945555,0.008271721989905575,-0.02726200378667945,DELL211217P00075000
82,85.75,DELL,Put,2021-12-18,0.736986301369863,269,80.0,6.1,6.3,6.85,6.574999999999999,0.5499999999999998,0.3336248278808594,6.8516579048564346,-0.3500038981307495,0.015058770486279219,-0.016883948128808883,DELL211217P00080000
83,85.75,DELL,Put,2021-12-18,0.736986301369863,269,82.5,6.25,7.35,8.0,7.675,0.6500000000000004,0.3316717224121094,8.002033546962583,-0.39051128074861713,0.015694931871441064,-0.017393379124016024,DELL211217P00082500
84,85.75,DELL,Put,2021-12-18,0.736986301369863,269,85.0,14.1,8.75,9.25,9.0,0.5,0.32959654785156245,9.25150582700796,-0.4314826315612272,0.016178276185063623,-0.01769942308234624,DELL211217P00085000
85,85.75,DELL,Put,2021-12-18,0.736986301369863,269,90.0,12.35,11.55,11.95,11.75,0.3999999999999986,0.3221503332519531,11.952847441575235,-0.514465594077308,0.016788903693278536,-0.017545180942554948,DELL211217P00090000
86,85.75,DELL,Put,2021-12-18,0.736986301369863,269,95.0,31.8,29.2,30.7,29.95,1.5,0.8258074060058591,29.95340593474746,-0.41656027589390615,0.006409241240920086,-0.04403796405461899,DELL211217P00095000
87,85.75,DELL,Put,2021-12-18,0.736986301369863,269,100.0,30.83,25.25,29.1,27.175,3.8500000000000014,0.6113320117187502,27.181430233762942,-0.511868782913351,0.008849441294975306,-0.03330825836169749,DELL211217P00100000
88,85.75,DELL,Put,2021-12-18,0.736986301369863,269,105.0,20.65,22.15,22.65,22.4,0.5,0.31653515502929686,22.65713168770699,-0.7285492613187624,0.01421697977817906,-0.014321012261780112,DELL211217P00105000
89,85.75,DELL,Put,2021-12-18,0.736986301369863,269,115.0,38.9,30.6,31.0,30.8,0.3999999999999986,0.30750204223632804,31.010910820049553,-0.8361193705335758,0.010915239470618576,-0.010356776731487577,DELL211217P00115000
90,85.75,DELL,Put,2022-01-22,0.8328767123287671,304,15.0,0.01,0.0,0.19,0.095,0.19,0.8300798242187499,0.09517015156268076,-0.0037147507566096926,0.0001702046219865028,-0.0011790461635936707,DELL220121P00015000
91,85.75,DELL,Put,2022-01-22,0.8328767123287671,304,17.5,0.05,0.0,0.2,0.1,0.2,0.76367423828125,0.10144793930965161,-0.004325057680913207,0.00021209004104420854,-0.001242958696856239,DELL220121P00017500
92,85.75,DELL,Put,2022-01-22,0.8328767123287671,304,20.0,0.05,0.0,0.84,0.42,0.84,0.8740246972656249,0.4209808482534571,-0.013148000968443598,0.0004932097885695347,-0.0037899427434898974,DELL220121P00020000
93,85.75,DELL,Put,2022-01-22,0.8328767123287671,304,22.5,0.35,0.0,0.28,0.14,0.28,0.6757844921875001,0.14115031515400986,-0.006665684182090909,0.00035141618323435256,-0.0016159900591875924,DELL220121P00022500
94,85.75,DELL,Put,2022-01-22,0.8328767123287671,304,25.0,0.05,0.0,4.35,2.175,4.35,1.0859420703125,2.176175743521559,-0.04108286964032969,0.0010347347938919431,-0.012284662935484964,DELL220121P00025000
95,85.75,DELL,Put,2022-01-22,0.8328767123287671,304,27.5,4.0,0.0,0.0,0.0,0.0,0.2500075,8.751841910300213e-07,-2.191756560152751e-07,5.704669155530646e-08,-3.654528536170818e-08,DELL220121P00027500
96,85.75,DELL,Put,2022-01-22,0.8328767123287671,304,30.0,0.02,0.0,0.07,0.035,0.07,0.48828636718750007,0.0698885436179884,-0.004997925317582723,0.00037592145798532846,-0.0009036856318994533,DELL220121P00030000
97,85.75,DELL,Put,2022-01-22,0.8328767123287671,304,32.5,1.37,0.0,0.22,0.11,0.22,0.5336960693359375,0.22069829226825427,-0.01277863591223729,0.0007870875402418458,-0.002256185859714743,DELL220121P00032500
98,85.75,DELL,Put,2022-01-22,0.8328767123287671,304,35.0,0.56,0.0,0.76,0.38,0.76,0.5444381494140625,0.38008601531041986,-0.02019613225600508,0.0011436094093328416,-0.0034087299670493513,DELL220121P00035000
99,85.75,DELL,Put,2022-01-22,0.8328767123287671,304,37.5,0.58,0.1,0.37,0.235,0.27,0.5039112109375,0.36995064594692073,-0.02137057944142489,0.001296278273938314,-0.003309572250134421,DELL220121P00037500
100,85.75,DELL,Put,2022-01-22,0.8328767123287671,304,40.0,0.57,0.0,0.39,0.195,0.39,0.4731497998046875,0.3900040625656021,-0.023868549909454088,0.0015160559543341088,-0.003411247370926402,DELL220121P00040000
101,85.75,DELL,Put,2022-01-22,0.8328767123287671,304,42.5,0.21,0.01,0.91,0.46,0.9,0.5256395092773438,0.9100505010316814,-0.04443209100424607,0.002277724533839139,-0.0063298184846671155,DELL220121P00042500
102,85.75,DELL,Put,2022-01-22,0.8328767123287671,304,45.0,0.42,0.08,0.51,0.295,0.43,0.43018147949218755,0.5096098683548509,-0.03313018827125225,0.002190722567858825,-0.0040759156345534925,DELL220121P00045000
103,85.75,DELL,Put,2022-01-22,0.8328767123287671,304,47.5,0.65,0.0,0.67,0.335,0.67,0.42310147216796873,0.6705001995127238,-0.04262090234458628,0.0027357970523941544,-0.004925461465786863,DELL220121P00047500
104,85.75,DELL,Put,2022-01-22,0.8328767123287671,304,50.0,0.72,0.0,0.67,0.335,0.67,0.3918517846679687,0.6704060967616442,-0.04595779254602223,0.0031395472513504343,-0.004847502144462566,DELL220121P00050000
105,85.75,DELL,Put,2022-01-22,0.8328767123287671,304,52.5,1.8,0.66,2.14,1.4000000000000001,1.48,0.49707534179687507,2.140529414309798,-0.09558072657174004,0.004359172312125002,-0.010839973094871546,DELL220121P00052500
106,85.75,DELL,Put,2022-01-22,0.8328767123287671,304,55.0,0.84,0.76,1.09,0.925,0.33000000000000007,0.37683728637695313,1.0905310238583124,-0.07190191920975415,0.004641692758827386,-0.006630776332268343,DELL220121P00055000
107,85.75,DELL,Put,2022-01-22,0.8328767123287671,304,57.5,0.98,0.99,4.7,2.845,3.71,0.577152666015625,4.700038173907876,-0.15353183958746727,0.005235388052385289,-0.01756387508931169,DELL220121P00057500
108,85.75,DELL,Put,2022-01-22,0.8328767123287671,304,60.0,1.75,1.39,1.5,1.4449999999999998,0.1100000000000001,0.3491276025390625,1.4998799886539698,-0.10049415774303262,0.00643836243711301,-0.007896730139770583,DELL220121P00060000
109,85.75,DELL,Put,2022-01-22,0.8328767123287671,304,62.5,4.05,1.42,2.17,1.795,0.75,0.3617007189941406,2.169819831052432,-0.13091856819048137,0.007499786996890169,-0.009876966540950551,DELL220121P00062500
110,85.75,DELL,Put,2022-01-22,0.8328767123287671,304,65.0,4.0,2.19,2.71,2.45,0.52,0.35962554443359374,2.7114123549638753,-0.15689852389511622,0.008523737557270109,-0.01109852296875737,DELL220121P00065000
111,85.75,DELL,Put,2022-01-22,0.8328767123287671,304,67.5,6.55,4.95,5.75,5.35,0.7999999999999998,0.46631393066406257,5.751071024690411,-0.21929256198868008,0.008087670193680107,-0.01771389082964003,DELL220121P00067500
112,85.75,DELL,Put,2022-01-22,0.8328767123287671,304,70.0,2.93,3.25,3.65,3.45,0.3999999999999999,0.33789724609375,3.649691662361258,-0.2085206005683842,0.010841987824067216,-0.012461936292709107,DELL220121P00070000
113,85.75,DELL,Put,2022-01-22,0.8328767123287671,304,72.5,3.78,4.1,4.4,4.25,0.3000000000000007,0.3350896569824219,4.401047176173782,-0.2415917194502491,0.011880444644809937,-0.013435659180388526,DELL220121P00072500
114,85.75,DELL,Put,2022-01-22,0.8328767123287671,304,75.0,4.44,4.9,5.25,5.075,0.34999999999999964,0.3325262060546875,5.251930041664274,-0.2766969645013707,0.012845588943831109,-0.0143034691013007,DELL220121P00075000
115,85.75,DELL,Put,2022-01-22,0.8328767123287671,304,77.5,4.15,5.7,6.2,5.95,0.5,0.3300237896728515,6.2007218155620825,-0.31342756142722566,0.01370539327595597,-0.015036040992164244,DELL220121P00077500
116,85.75,DELL,Put,2022-01-22,0.8328767123287671,304,80.0,6.6,6.8,7.2,7.0,0.40000000000000036,0.3259344750976562,7.2009867994453165,-0.3512661054861114,0.014523605671779516,-0.015537337233937557,DELL220121P00080000
117,85.75,DELL,Put,2022-01-22,0.8328767123287671,304,82.5,7.8,7.75,8.4,8.075,0.6500000000000004,0.3253851641845703,8.40248369494464,-0.39029188896680467,0.015049715127258438,-0.01604956812009454,DELL220121P00082500
118,85.75,DELL,Put,2022-01-22,0.8328767123287671,304,85.0,14.75,9.1,9.9,9.5,0.8000000000000007,0.33124448059082034,9.901827198201529,-0.4284543681373038,0.015124773626031693,-0.016710742670319547,DELL220121P00085000
119,85.75,DELL,Put,2022-01-22,0.8328767123287671,304,87.5,10.35,10.0,10.95,10.475,0.9499999999999993,0.3194648132324218,10.953858466828798,-0.46943260479406423,0.015889778379887646,-0.016331271462975624,DELL220121P00087500
120,85.75,DELL,Put,2022-01-22,0.8328767123287671,304,90.0,10.77,11.9,12.55,12.225000000000001,0.6500000000000004,0.32233343688964833,12.553513496216825,-0.5067923636735967,0.015797200733134883,-0.01652291695505124,DELL220121P00090000
121,85.75,DELL,Put,2022-01-22,0.8328767123287671,304,100.0,20.2,18.5,19.15,18.825,0.6499999999999986,0.3126899786376953,19.15653947307679,-0.6537029084486536,0.015064638429586687,-0.014817363977732095,DELL220121P00100000
122,85.75,DELL,Put,2022-01-22,0.8328767123287671,304,110.0,25.11,26.45,27.3,26.875,0.8500000000000014,0.31836619140624994,27.307966033673363,-0.761447142780318,0.012431747822921531,-0.012659003395212219,DELL220121P00110000
123,85.75,DELL,Put,2022-01-22,0.8328767123287671,304,115.0,29.19,30.8,31.5,31.15,0.6999999999999993,0.3139717041015625,31.511351837522746,-0.8105837408799176,0.011022203552116085,-0.010906085650786664,DELL220121P00115000
124,85.75,DELL,Put,2022-06-18,1.2356164383561643,451,37.5,0.35,0.13,0.54,0.335,0.41000000000000003,0.44507390869140623,0.5402152966077287,-0.02755426383183359,0.001492404550736913,-0.0029745959531734863,DELL220617P00037500
125,85.75,DELL,Put,2022-06-18,1.2356164383561643,451,40.0,1.02,0.03,0.63,0.33,0.6,0.4274959594726563,0.6299571162519662,-0.0327931907600032,0.00179583897412017,-0.0033009448414853177,DELL220617P00040000
126,85.75,DELL,Put,2022-06-18,1.2356164383561643,451,50.0,3.14,0.58,4.2,2.39,3.62,0.5581098876953126,4.199740194409319,-0.11914833423721993,0.003737977397650946,-0.011723997745384476,DELL220617P00050000
127,85.75,DELL,Put,2022-06-18,1.2356164383561643,451,55.0,1.55,1.43,1.79,1.6099999999999999,0.3600000000000001,0.35742830078125,1.789669886901042,-0.09412942529425862,0.0049237230588590475,-0.006329825864281206,DELL220617P00055000
128,85.75,DELL,Put,2022-06-18,1.2356164383561643,451,60.0,2.3,2.17,2.74,2.455,0.5700000000000003,0.352545537109375,2.7397581916715863,-0.13422594871384183,0.006431796831456284,-0.008044617187850864,DELL220617P00060000
129,85.75,DELL,Put,2022-06-18,1.2356164383561643,451,62.5,2.78,0.58,3.2,1.8900000000000001,2.62,0.34491621887207036,3.200444549255698,-0.15478066556224646,0.007236671013790759,-0.00866449112677817,DELL220617P00062500
130,85.75,DELL,Put,2022-06-18,1.2356164383561643,451,65.0,3.35,3.2,3.8,3.5,0.5999999999999996,0.340826904296875,3.8000110135094287,-0.17870460769049315,0.008035549907531546,-0.009394779786940461,DELL220617P00065000
131,85.75,DELL,Put,2022-06-18,1.2356164383561643,451,67.5,3.95,3.85,4.5,4.175,0.6499999999999999,0.33789724609375,4.499940520871256,-0.20479370913734812,0.008809010553903866,-0.010125516629812554,DELL220617P00067500
132,85.75,DELL,Put,2022-06-18,1.2356164383561643,451,72.5,6.05,5.5,6.05,5.775,0.5499999999999998,0.32947447875976554,6.0504525907319175,-0.2606785595872136,0.010333074634344085,-0.01129391102043977,DELL220617P00072500
133,85.75,DELL,Put,2022-06-18,1.2356164383561643,451,75.0,12.25,10.0,15.0,12.5,5.0,0.5684247259521484,15.00159306316909,-0.29873419789072486,0.00639957808801336,-0.020824383606918715,DELL220617P00075000
134,85.75,DELL,Put,2022-06-18,1.2356164383561643,451,87.5,11.9,12.4,13.0,12.7,0.5999999999999996,0.3165961895751953,13.004113550108789,-0.45272313178348633,0.013116710397809058,-0.01323354547979515,DELL220617P00087500
135,85.75,DELL,Put,2022-12-17,1.7342465753424658,633,30.0,0.29,0.19,0.29,0.24,0.09999999999999998,0.41699801757812494,0.2912006092215643,-0.014398783815601501,0.0007758243117277491,-0.00135705857240678,DELL221216P00030000
136,85.75,DELL,Put,2022-12-17,1.7342465753424658,633,32.5,1.92,0.17,0.54,0.35500000000000004,0.37,0.43408769042968753,0.5413196025932216,-0.02371775660791755,0.0011397373535012062,-0.0021611004675738416,DELL221216P00032500
137,85.75,DELL,Put,2022-12-17,1.7342465753424658,633,35.0,1.27,0.23,0.67,0.45,0.44000000000000006,0.42212491943359376,0.6713567890505272,-0.02942157541578656,0.0014036953217550436,-0.0025164080838507683,DELL221216P00035000
138,85.75,DELL,Put,2022-12-17,1.7342465753424658,633,37.5,1.3,0.0,0.0,0.0,0.0,0.12500875,5.858814764225922e-07,-2.065125039936223e-07,7.519986569317997e-08,-1.2054806135047545e-08,DELL221216P00037500
139,85.75,DELL,Put,2022-12-17,1.7342465753424658,633,40.0,1.95,0.21,1.01,0.61,0.8,0.401373173828125,1.0102165881148997,-0.04395587585419711,0.0020510215856978657,-0.00332445193465093,DELL221216P00040000
140,85.75,DELL,Put,2022-12-17,1.7342465753424658,633,42.5,1.49,0.11,1.19,0.65,1.0799999999999998,0.38941040283203127,1.1910616056365642,-0.05210470299252266,0.0024222988265213737,-0.0036959580925515034,DELL221216P00042500
141,85.75,DELL,Put,2022-12-17,1.7342465753424658,633,45.0,1.8,1.42,2.17,1.795,0.75,0.4293269958496094,2.1700604502496432,-0.07739483073557867,0.0029887409349206476,-0.005544607361966643,DELL221216P00045000
142,85.75,DELL,Put,2022-12-17,1.7342465753424658,633,47.5,2.4,1.66,2.46,2.06,0.8,0.41663181030273433,2.4599186868927236,-0.08839757447952887,0.0034043241989008786,-0.005946825544000944,DELL221216P00047500
143,85.75,DELL,Put,2022-12-17,1.7342465753424658,633,50.0,3.3,1.76,2.21,1.9849999999999999,0.44999999999999996,0.3748841809082031,2.2106299397323226,-0.09025441794272723,0.0038431625588137507,-0.0054339492791076515,DELL221216P00050000
144,85.75,DELL,Put,2022-12-17,1.7342465753424658,633,52.5,7.78,0.0,0.0,0.0,0.0,0.062509375,0.0,0.0,0.0,0.0,DELL221216P00052500
145,85.75,DELL,Put,2022-12-17,1.7342465753424658,633,55.0,4.9,4.05,5.25,4.65,1.2000000000000002,0.4512994323730469,5.250822658318856,-0.148173080056886,0.004535880283863599,-0.00929906111285371,DELL221216P00055000
146,85.75,DELL,Put,2022-12-17,1.7342465753424658,633,60.0,5.94,3.7,4.2,3.95,0.5,0.35388829711914055,4.201491505537732,-0.15886696689087093,0.0060566528116695875,-0.007635188785099787,DELL221216P00060000
147,85.75,DELL,Put,2022-12-17,1.7342465753424658,633,62.5,16.34,12.65,15.3,13.975000000000001,2.6500000000000004,0.6342810009765626,13.974932167263542,-0.21289601544147557,0.004054116608509387,-0.016422809521306668,DELL221216P00062500
148,85.75,DELL,Put,2022-12-17,1.7342465753424658,633,65.0,7.45,4.8,5.45,5.125,0.6500000000000004,0.3416203533935547,5.45107625313123,-0.2002524428280014,0.007258082612081429,-0.008526869108193889,DELL221216P00065000
149,85.75,DELL,Put,2022-12-17,1.7342465753424658,633,67.5,10.16,5.6,6.35,5.975,0.75,0.3413151806640625,6.350239115246044,-0.22448084961096215,0.007766367603937389,-0.009107576591176492,DELL221216P00067500
150,85.75,DELL,Put,2022-12-17,1.7342465753424658,633,70.0,10.63,5.95,6.5,6.225,0.5499999999999998,0.3178779150390625,6.501555472334385,-0.24380384337893465,0.00872956558042022,-0.00887866573662199,DELL221216P00070000
151,85.75,DELL,Put,2022-12-17,1.7342465753424658,633,77.5,9.32,9.55,10.15,9.850000000000001,0.5999999999999996,0.3264837860107421,10.15088230855551,-0.3262106725091303,0.009773209960319582,-0.010483387696575705,DELL221216P00077500
152,85.75,DELL,Put,2022-12-17,1.7342465753424658,633,85.0,12.79,13.15,13.95,13.55,0.7999999999999989,0.32163153961181634,13.952731665204947,-0.4079705041298235,0.010686022147160376,-0.011122787616773483,DELL221216P00085000
153,85.75,DELL,Put,2022-12-17,1.7342465753424658,633,90.0,21.05,15.8,20.2,18.0,4.399999999999999,0.39417109741210943,20.204343310370444,-0.4338226392983294,0.008836286205781394,-0.013813434516242522,DELL221216P00090000
154,85.75,DELL,Put,2023-01-21,1.83013698630137,668,30.0,2.15,0.08,0.62,0.35,0.54,0.4670463452148438,0.6212763780785834,-0.023985572620298174,0.001041053017269546,-0.0022852816288481508,DELL230120P00030000
155,85.75,DELL,Put,2023-01-21,1.83013698630137,668,32.5,0.55,0.4,0.73,0.565,0.32999999999999996,0.44946839599609373,0.7313066761796834,-0.02877285319103807,0.001259773201174653,-0.0025607108886412672,DELL230120P00032500
156,85.75,DELL,Put,2023-01-21,1.83013698630137,668,35.0,0.6,0.4,0.87,0.635,0.47,0.4348201049804688,0.8704433993551566,-0.03460501307924967,0.001516793552509876,-0.0028856292433083585,DELL230120P00035000
157,85.75,DELL,Put,2023-01-21,1.83013698630137,668,37.5,0.79,0.7,0.94,0.82,0.24,0.41235939208984373,0.9405931353976713,-0.03910441205801969,0.0017676554202151133,-0.003024278535977628,DELL230120P00037500
158,85.75,DELL,Put,2023-01-21,1.83013698630137,668,40.0,1.05,0.75,1.27,1.01,0.52,0.41358008300781246,1.2710944711658139,-0.050260496570087895,0.0021574747477324996,-0.003713470128385742,DELL230120P00040000
159,85.75,DELL,Put,2023-01-21,1.83013698630137,668,42.5,1.1,1.0,1.55,1.275,0.55,0.4063780065917969,1.5499478184506152,-0.06040548985110154,0.002539097250289817,-0.004219432480962521,DELL230120P00042500
160,85.75,DELL,Put,2023-01-21,1.83013698630137,668,45.0,1.4,1.16,1.52,1.3399999999999999,0.3600000000000001,0.3767152172851562,1.5205683749056578,-0.06429299124854272,0.002875472540119553,-0.004106260665663594,DELL230120P00045000
161,85.75,DELL,Put,2023-01-21,1.83013698630137,668,47.5,1.6,1.43,1.85,1.6400000000000001,0.42000000000000015,0.3711000390625,1.8496904022440557,-0.07673405782809091,0.003344635333347767,-0.004634729745470218,DELL230120P00047500
162,85.75,DELL,Put,2023-01-21,1.83013698630137,668,50.0,2.0,1.59,2.82,2.205,1.2299999999999998,0.39588006469726567,2.8213825647892583,-0.10119120349113739,0.003853479732319878,-0.006077180829306815,DELL230120P00050000
163,85.75,DELL,Put,2023-01-21,1.83013698630137,668,52.5,2.7,2.1,2.93,2.515,0.8300000000000001,0.37354142089843745,2.9301299564018763,-0.1105931932161248,0.004354070101601953,-0.006114484070000295,DELL230120P00052500
164,85.75,DELL,Put,2023-01-21,1.83013698630137,668,55.0,2.75,2.27,3.8,3.035,1.5299999999999998,0.3834290173339844,3.8014572564194524,-0.13233979252878922,0.004812255799944377,-0.0071215771287904935,DELL230120P00055000
165,85.75,DELL,Put,2023-01-21,1.83013698630137,668,57.5,3.44,2.9,3.7,3.3,0.8000000000000003,0.35242346801757807,3.701116829124134,-0.14084607095281174,0.005464159720758058,-0.006830289186965938,DELL230120P00057500
166,85.75,DELL,Put,2023-01-21,1.83013698630137,668,60.0,3.89,3.0,4.3,3.65,1.2999999999999998,0.34802898071289057,4.300613156223523,-0.16016564200349934,0.006027707050537652,-0.007348517362217889,DELL230120P00060000
167,85.75,DELL,Put,2023-01-21,1.83013698630137,668,62.5,6.55,2.0,5.25,3.625,3.25,0.35321691711425773,5.250270491948396,-0.18385820887994056,0.006487519382836097,-0.008145295545881961,DELL230120P00062500
168,85.75,DELL,Put,2023-01-21,1.83013698630137,668,65.0,4.8,3.0,5.8,4.4,2.8,0.34326828613281246,5.800792425958239,-0.20361244345296528,0.007102969271552225,-0.008424120174048184,DELL230120P00065000
169,85.75,DELL,Put,2023-01-21,1.83013698630137,668,67.5,10.55,8.25,11.35,9.8,3.0999999999999996,0.47186807434082034,11.351107002513382,-0.2437871319326486,0.005725190881208473,-0.01283266014534579,DELL230120P00067500
170,85.75,DELL,Put,2023-01-21,1.83013698630137,668,70.0,9.75,7.15,10.65,8.9,3.5,0.4209652630615235,10.651685337426278,-0.2606929237659934,0.006648704384903381,-0.011859481279199469,DELL230120P00070000
171,85.75,DELL,Put,2023-01-21,1.83013698630137,668,72.5,6.95,6.95,10.0,8.475,3.05,0.3734193518066406,10.001977264743742,-0.27928458369334314,0.007756755025631201,-0.010888120497603845,DELL230120P00072500
172,85.75,DELL,Put,2023-01-21,1.83013698630137,668,77.5,14.0,9.35,11.7,10.524999999999999,2.3499999999999996,0.35489536712646474,11.701702122936034,-0.3260211493723614,0.008749143500647335,-0.01109097093325985,DELL230120P00077500
173,85.75,DELL,Put,2023-01-21,1.83013698630137,668,80.0,10.04,10.4,12.75,11.575,2.3499999999999996,0.34882242980957034,12.752820807756432,-0.35077168751581334,0.009156680117557704,-0.011212750514455248,DELL230120P00080000
